Supply_ID,Prod_ID,Cost,Quantity
1,1,26419.50,15000
1,2,26426.40,15000
1,3,29062.95,15000
1,4,25636.50,15000
1,5,27149.85,15000
1,6,17001.60,15000
2,1,26419.50,15000
2,2,26426.40,15000
2,3,29062.95,15000
2,4,25636.50,15000
2,5,27149.85,15000
2,6,17001.60,15000
3,1,26419.50,15000
3,2,26426.40,15000
3,3,29062.95,15000
3,4,25636.50,15000
3,5,27149.85,15000
3,6,17001.60,15000
4,1,26419.50,15000
4,2,26426.40,15000
4,3,29062.95,15000
4,4,25636.50,15000
4,5,27149.85,15000
5,1,26419.50,15000
5,2,26426.40,15000
5,3,29062.95,15000
5,4,25636.50,15000
5,5,27149.85,15000
6,1,26419.50,15000
6,2,26426.40,15000
6,3,29062.95,15000
6,4,25636.50,15000
6,5,27149.85,15000
7,1,26419.50,15000
7,2,26426.40,15000
7,3,29062.95,15000
7,4,25636.50,15000
7,5,27149.85,15000
8,1,26419.50,15000
8,2,26426.40,15000
8,3,29062.95,15000
8,4,25636.50,15000
8,5,27149.85,15000
9,1,26419.50,15000
9,2,26426.40,15000
9,3,29062.95,15000
9,4,25636.50,15000
10,1,26419.50,15000
10,2,26426.40,15000
10,3,29062.95,15000
10,4,25636.50,15000
11,1,26419.50,15000
11,2,26426.40,15000
11,3,29062.95,15000
11,4,25636.50,15000
12,1,26419.50,15000
12,2,26426.40,15000
12,3,29062.95,15000
12,4,25636.50,15000
13,1,26419.50,15000
13,2,26426.40,15000
13,3,29062.95,15000
13,4,25636.50,15000
14,1,26419.50,15000
14,2,26426.40,15000
14,3,29062.95,15000
14,4,25636.50,15000
15,1,26419.50,15000
15,2,26426.40,15000
15,3,29062.95,15000
15,4,25636.50,15000
16,1,26419.50,15000
16,2,26426.40,15000
16,5,27149.85,15000
17,1,26419.50,15000
17,2,26426.40,15000
17,5,27149.85,15000
18,1,26419.50,15000
18,2,26426.40,15000
18,5,27149.85,15000
19,1,26419.50,15000
19,2,26426.40,15000
20,1,26419.50,15000
20,2,26426.40,15000
21,1,26419.50,15000
22,1,26419.50,15000
23,1,26419.50,15000
24,1,26419.50,15000
25,1,26419.50,15000
26,1,26419.50,15000
27,1,26419.50,15000
28,1,26419.50,15000
29,1,26419.50,15000
30,1,26419.50,15000
31,1,26419.50,15000
32,1,26419.50,15000
33,1,26419.50,15000
34,1,26419.50,15000
35,1,26419.50,15000
36,1,26419.50,15000
37,1,26419.50,15000
38,1,26419.50,15000
39,1,26419.50,15000
40,1,26419.50,15000
41,1,26419.50,15000
42,1,26419.50,15000
43,1,26419.50,15000
44,1,26419.50,15000
45,1,26419.50,15000
46,1,26419.50,15000
47,1,26419.50,15000
48,1,26419.50,15000
49,1,26419.50,15000
50,1,26419.50,15000
51,1,26419.50,15000
52,1,26419.50,15000
53,1,26419.50,15000
54,1,26419.50,15000
55,1,26419.50,15000
56,1,26419.50,15000
57,1,26419.50,15000
58,1,26419.50,15000
59,2,26426.40,15000
60,2,26426.40,15000
61,2,26426.40,15000
62,2,26426.40,15000
63,2,26426.40,15000
64,2,26426.40,15000
65,2,26426.40,15000
66,2,26426.40,15000
67,2,26426.40,15000
68,2,26426.40,15000
69,2,26426.40,15000
70,2,26426.40,15000
71,2,26426.40,15000
72,2,26426.40,15000
73,2,26426.40,15000
74,2,26426.40,15000
75,2,26426.40,15000
76,2,26426.40,15000
77,2,26426.40,15000
78,2,26426.40,15000
79,2,26426.40,15000
80,2,26426.40,15000
81,2,26426.40,15000
82,2,26426.40,15000
83,2,26426.40,15000
84,2,26426.40,15000
85,2,26426.40,15000
86,2,26426.40,15000
87,2,26426.40,15000
88,2,26426.40,15000
89,2,26426.40,15000
90,2,26426.40,15000
91,2,26426.40,15000
92,2,26426.40,15000
93,2,26426.40,15000
94,3,29062.95,15000
95,3,29062.95,15000
96,3,29062.95,15000
97,3,29062.95,15000
98,3,29062.95,15000
99,3,29062.95,15000
100,3,29062.95,15000
101,3,29062.95,15000
102,3,29062.95,15000
103,3,29062.95,15000
104,3,29062.95,15000
105,3,29062.95,15000
106,3,29062.95,15000
107,3,29062.95,15000
108,3,29062.95,15000
109,3,29062.95,15000
110,3,29062.95,15000
111,3,29062.95,15000
112,3,29062.95,15000
113,3,29062.95,15000
114,3,29062.95,15000
115,3,29062.95,15000
116,3,29062.95,15000
117,3,29062.95,15000
118,3,29062.95,15000
119,3,29062.95,15000
120,3,29062.95,15000
121,3,29062.95,15000
122,3,29062.95,15000
123,3,29062.95,15000
124,3,29062.95,15000
125,3,29062.95,15000
126,3,29062.95,15000
127,3,29062.95,15000
128,3,29062.95,15000
129,3,29062.95,15000
130,3,29062.95,15000
131,3,29062.95,15000
132,3,29062.95,15000
133,3,29062.95,15000
134,3,29062.95,15000
135,3,29062.95,15000
136,3,29062.95,15000
137,4,25636.50,15000
138,4,25636.50,15000
139,4,25636.50,15000
140,4,25636.50,15000
141,4,25636.50,15000
142,4,25636.50,15000
143,4,25636.50,15000
144,4,25636.50,15000
145,4,25636.50,15000
146,4,25636.50,15000
147,4,25636.50,15000
148,4,25636.50,15000
149,4,25636.50,15000
150,4,25636.50,15000
151,4,25636.50,15000
152,4,25636.50,15000
153,4,25636.50,15000
154,4,25636.50,15000
155,4,25636.50,15000
156,4,25636.50,15000
157,4,25636.50,15000
158,4,25636.50,15000
159,4,25636.50,15000
160,4,25636.50,15000
161,4,25636.50,15000
162,4,25636.50,15000
163,4,25636.50,15000
164,4,25636.50,15000
165,4,25636.50,15000
166,4,25636.50,15000
167,4,25636.50,15000
168,4,25636.50,15000
169,4,25636.50,15000
170,4,25636.50,15000
171,4,25636.50,15000
172,4,25636.50,15000
173,4,25636.50,15000
174,4,25636.50,15000
175,4,25636.50,15000
176,4,25636.50,15000
177,4,25636.50,15000
178,5,27149.85,15000
179,5,27149.85,15000
180,5,27149.85,15000
181,5,27149.85,15000
182,5,27149.85,15000
183,5,27149.85,15000
184,5,27149.85,15000
185,5,27149.85,15000
186,5,27149.85,15000
187,5,27149.85,15000
188,5,27149.85,15000
189,5,27149.85,15000
190,5,27149.85,15000
191,5,27149.85,15000
192,5,27149.85,15000
193,5,27149.85,15000
194,5,27149.85,15000
195,5,27149.85,15000
196,5,27149.85,15000
197,5,27149.85,15000
198,5,27149.85,15000
199,5,27149.85,15000
200,5,27149.85,15000
201,5,27149.85,15000
202,5,27149.85,15000
203,5,27149.85,15000
204,5,27149.85,15000
205,5,27149.85,15000
206,5,27149.85,15000
207,5,27149.85,15000
208,5,27149.85,15000
209,5,27149.85,15000
210,5,27149.85,15000
211,5,27149.85,15000
212,5,27149.85,15000
213,5,27149.85,15000
214,5,27149.85,15000
215,5,27149.85,15000
216,5,27149.85,15000
217,5,27149.85,15000
218,5,27149.85,15000
219,5,27149.85,15000
220,5,27149.85,15000
221,5,27149.85,15000
222,5,27149.85,15000
223,6,17001.60,15000
224,6,17001.60,15000
225,6,17001.60,15000
226,6,17001.60,15000
227,6,17001.60,15000
228,6,17001.60,15000
229,6,17001.60,15000
230,6,17001.60,15000
231,6,17001.60,15000
232,6,17001.60,15000
233,6,17001.60,15000
234,6,17001.60,15000
235,6,17001.60,15000
236,6,17001.60,15000
237,6,17001.60,15000
238,6,17001.60,15000
239,6,17001.60,15000
240,6,17001.60,15000
241,6,17001.60,15000
242,6,17001.60,15000
243,6,17001.60,15000
244,6,17001.60,15000
245,6,17001.60,15000
246,6,17001.60,15000
247,6,17001.60,15000
248,6,17001.60,15000
249,6,17001.60,15000
250,6,17001.60,15000
251,6,17001.60,15000
252,6,17001.60,15000
253,6,17001.60,15000
254,6,17001.60,15000
255,6,17001.60,15000
256,6,17001.60,15000
257,6,17001.60,15000
258,6,17001.60,15000
259,6,17001.60,15000
260,6,17001.60,15000
261,6,17001.60,15000
262,6,17001.60,15000
263,6,17001.60,15000
264,6,17001.60,15000
265,6,17001.60,15000
266,6,17001.60,15000
267,6,17001.60,15000
268,6,17001.60,15000
269,6,17001.60,15000
270,6,17001.60,15000
271,6,17001.60,15000
272,6,17001.60,15000
273,6,17001.60,15000
274,6,17001.60,15000
275,6,17001.60,15000
276,6,17001.60,15000
277,6,17001.60,15000
278,6,17001.60,15000
279,1,3316.34,1883
280,1,22343.93,12686
281,1,2524.57,1433
282,1,4807.13,2729
283,1,15465.37,8781
284,1,9541.76,5417
285,1,25247.69,14335
286,1,1330.41,755
287,1,11716.87,6652
288,1,24976.47,14181
289,1,20444.31,11608
290,1,8650.11,4911
291,1,7196.57,4086
292,1,3436.83,1951
293,1,5272.87,2994
294,1,10520.95,5973
295,1,20904.95,11869
296,1,1018.20,578
297,1,746.59,424
298,1,4781.08,2715
299,1,1734.56,985
300,1,722.74,410
301,1,25389.52,14415
301,1,21685.35,12312
302,1,693.02,393
303,1,15130.37,8590
304,1,13429.81,7625
305,1,2164.80,1229
306,1,11174.24,6344
307,1,6064.23,3443
308,1,18673.77,10602
309,1,1301.73,739
310,1,16936.20,9616
311,1,9577.51,5438
312,1,16555.89,9400
313,1,14808.08,8407
314,1,1909.96,1084
315,1,2114.13,1200
316,1,4984.17,2830
317,1,17143.99,9734
318,1,15688.58,8907
319,1,22457.61,12751
320,1,8518.69,4837
321,1,19797.15,11240
322,1,7134.89,4051
323,1,17583.29,9983
324,1,24906.07,14141
325,1,11971.02,6797
326,1,25516.09,14487
327,1,22130.80,12565
328,1,6776.48,3847
329,1,5140.19,2918
330,1,23855.76,13544
331,1,12125.42,6884
332,1,20840.24,11832
333,1,18095.36,10274
334,1,798.29,453
335,1,21863.06,12413
336,2,10692.17,6069
337,2,12064.25,6848
338,2,13059.18,7413
339,2,14569.69,8270
340,2,3711.75,2107
341,2,2174.45,1234
342,2,2502.16,1420
343,2,726.74,413
344,2,5256.55,2984
345,2,13111.18,7442
346,2,3185.08,1808
347,2,25664.95,14568
348,2,6513.78,3697
349,2,11474.98,6513
350,2,6173.39,3504
351,2,24723.67,14034
352,2,5948.44,3376
353,2,12050.27,6840
354,2,18786.81,10664
355,2,16905.30,9596
356,2,15881.14,9014
357,2,11678.90,6629
358,2,3558.71,2020
359,2,11968.03,6793
360,2,4437.61,2519
361,2,22526.56,12786
362,2,15036.99,8535
363,2,7062.79,4009
364,2,25872.02,14685
365,2,16864.39,9572
366,2,1575.96,895
367,2,18313.70,10395
368,2,2987.06,1695
369,2,21644.44,12286
370,2,9852.24,5592
371,2,11513.75,6535
372,2,21656.93,12293
373,2,10308.20,5851
374,2,13419.18,7617
375,2,19513.16,11076
376,2,861.57,489
377,2,20035.41,11372
378,2,17791.01,10098
379,2,8461.93,4803
380,2,15694.33,8908
381,2,22415.09,12723
382,2,17708.48,10052
383,2,17327.25,9835
384,2,18082.28,10264
385,2,19672.12,11166
386,2,19215.54,10907
387,2,19404.93,11015
388,2,38.44,22
389,2,22893.34,12995
390,2,24935.38,14154
391,3,15867.38,8283
392,3,23670.34,12356
393,3,4740.76,2475
394,3,24104.18,12582
395,3,15080.29,7872
396,3,24080.02,12569
397,3,24435.59,12755
398,3,24939.82,13018
399,3,16297.21,8507
400,3,1710.85,893
401,3,28163.51,14701
402,3,8670.47,4526
403,3,19236.12,10041
404,3,19862.70,10368
405,3,7009.30,3659
406,3,10187.10,5318
407,3,13233.83,6908
408,3,12382.48,6463
409,3,17316.48,9039
410,3,8631.85,4506
411,3,3270.42,1707
412,3,6293.59,3285
413,3,20647.56,10778
414,3,10735.05,5604
415,3,21537.09,11242
416,3,5693.27,2972
417,3,10321.70,5388
418,3,11004.94,5744
419,3,26723.73,13949
420,3,6296.01,3286
421,3,24418.69,12746
422,3,14281.24,7455
423,3,6289.03,3283
424,3,19585.00,10223
425,3,1857.83,970
426,3,5451.44,2846
427,3,18434.19,9622
428,3,22776.70,11889
429,3,5945.95,3104
430,3,8243.87,4303
431,3,13609.21,7104
432,3,14127.70,7374
433,3,1305.70,682
434,3,10800.52,5638
435,3,21914.57,11439
436,3,6426.70,3355
437,3,9746.02,5087
438,3,19587.34,10224
439,3,2842.79,1484
440,3,25609.51,13368
441,3,11825.65,6173
442,3,27052.38,14121
443,3,1214.89,634
444,3,10220.32,5335
445,3,15948.84,8325
446,3,16405.73,8564
447,3,13499.97,7047
448,3,10456.91,5458
449,4,16496.30,9442
450,4,22026.24,12607
451,4,11059.63,6330
452,4,785.21,449
453,4,3400.73,1947
454,4,18467.54,10571
455,4,22467.30,12860
456,4,7989.41,4573
457,4,7977.61,4566
458,4,4252.69,2434
459,4,17615.61,10083
460,4,1166.28,668
461,4,20674.99,11834
462,4,18633.74,10666
463,4,5816.05,3329
464,4,1049.15,601
465,4,5829.89,3337
466,4,18303.42,10477
467,4,11768.77,6736
468,4,15412.96,8822
469,4,12586.13,7204
470,4,17514.38,10025
471,4,18553.55,10620
472,4,8193.16,4690
473,4,22632.93,12955
474,4,6534.97,3741
475,4,9171.46,5250
476,4,10726.83,6140
477,4,626.99,359
478,4,4085.96,2339
479,4,3744.88,2144
480,4,18278.82,10463
481,4,1524.45,873
482,4,24400.75,13967
483,4,19650.56,11248
484,4,12521.80,7167
485,4,20971.83,12004
486,4,8548.86,4893
487,4,23089.15,13216
488,4,3539.14,2026
489,4,6644.41,3803
490,4,5388.68,3084
491,4,2528.02,1447
492,4,9368.83,5363
493,4,3336.21,1910
494,4,6438.71,3685
495,4,18432.49,10550
496,4,11215.76,6420
497,4,3783.76,2166
498,4,24009.07,13742
499,4,7586.70,4343
500,4,15566.24,8910
501,4,15407.71,8819
502,4,16395.94,9385
503,4,3271.16,1872
504,4,13441.20,7694
505,5,16819.79,9192
506,5,10135.31,5539
507,5,16764.64,9162
508,5,16907.94,9240
509,5,16359.95,8940
510,5,17113.33,9352
511,5,5892.00,3220
512,5,7123.70,3893
513,5,9250.16,5055
514,5,6492.66,3548
515,5,23766.39,12988
516,5,4883.10,2669
517,5,12109.10,6617
518,5,9771.22,5340
519,5,10601.33,5793
520,5,9749.76,5328
521,5,6351.48,3471
522,5,7422.02,4056
523,5,4046.87,2212
524,5,4080.51,2230
525,5,5315.98,2905
526,5,5473.36,2991
527,5,23260.48,12711
528,5,22839.26,12481
529,5,21813.01,11920
530,5,4215.90,2304
531,5,26956.93,14732
532,5,15872.46,8674
533,5,19229.98,10509
534,5,2915.40,1593
535,5,3118.10,1704
536,5,19058.08,10415
537,5,16614.41,9080
538,5,17480.29,9553
539,5,2719.90,1486
540,5,6638.62,3628
541,5,234.73,128
542,5,26975.06,14741
543,5,6325.87,3457
544,5,1410.58,771
545,5,21280.04,11629
546,5,7668.20,4191
547,5,21677.71,11847
548,5,20187.26,11032
549,5,22892.54,12510
550,5,19672.27,10751
551,5,13941.60,7619
552,5,2249.62,1229
553,5,24133.64,13189
554,5,19552.03,10685
555,5,19465.14,10637
556,5,961.57,525
557,5,8745.69,4779
558,5,22633.30,12369
559,5,11864.41,6484
560,5,12730.89,6957
561,6,6533.10,6239
562,6,3137.52,2996
563,6,12235.07,11684
564,6,6029.80,5758
565,6,5548.48,5298
566,6,1193.18,1139
567,6,14365.26,13718
568,6,6937.93,6625
569,6,11620.34,11097
570,6,12075.42,11531
571,6,7156.73,6834
572,6,14358.56,13711
573,6,6950.24,6637
574,6,1329.08,1269
575,6,9206.22,8791
576,6,24.95,24
577,6,1192.60,1139
578,6,12048.47,11505
579,6,2193.01,2094
580,6,4392.07,4194
581,6,7297.19,6968
582,6,11452.07,10936
583,6,9029.65,8623
584,6,13651.05,13036
585,6,4515.61,4312
586,6,8655.70,8266
587,6,2738.39,2615
588,6,10883.04,10393
589,6,10332.19,9866
590,6,2574.42,2458
591,6,3293.49,3145
592,6,4563.00,4357
593,6,12028.32,11486
594,6,13253.44,12656
595,6,15190.64,14506
596,6,9411.90,8988
597,6,13358.63,12757
598,6,12744.37,12170
599,6,14248.74,13607
600,6,12556.98,11991
601,6,1883.31,1798
602,6,7409.28,7075
603,6,710.00,678
604,6,11616.52,11093
605,6,8106.67,7741
606,6,9904.05,9458
607,6,4122.86,3937
608,6,1860.21,1776
609,6,11334.83,10824
610,6,14976.47,14301
611,6,13679.27,13063
612,6,13793.61,13172
613,6,9906.61,9460
614,6,15384.80,14691
615,6,14781.68,14115
616,6,60.22,58
617,6,14958.40,14284
618,6,14151.78,13514
619,6,704.58,673
620,10,527.12,100
621,16,379.05,100
622,14,474.05,100
623,15,1287.08,100
624,11,889.11,100
625,15,1287.08,100
626,10,527.12,100
627,9,1022.07,100
628,11,889.11,100
629,14,474.05,100
630,15,1287.08,100
631,9,1022.07,100
632,16,379.05,100
633,14,474.05,100
634,9,1022.07,100
635,7,3599.10,100
636,7,3599.10,100
637,15,1287.08,100
638,10,527.12,100
639,14,474.05,100
640,10,527.12,100
641,14,474.05,100
642,16,379.05,100
643,9,1022.07,100
644,7,3599.10,100
645,9,1022.07,100
646,7,3599.10,100
647,7,3599.10,100
648,11,889.11,100
649,14,474.05,100
650,8,2759.08,100
651,15,1287.08,100
652,14,474.05,100
653,13,281.06,100
654,11,889.11,100
655,8,2759.08,100
656,16,379.05,100
657,12,339.15,100
658,16,379.05,100
659,7,3599.10,100
660,12,339.15,100
661,14,474.05,100
662,13,281.06,100
663,8,2759.08,100
664,15,1287.08,100
665,10,527.12,100
666,13,281.06,100
667,7,3599.10,100
668,7,3599.10,100
669,11,889.11,100
670,11,889.11,100
671,7,3599.10,100
672,14,474.05,100
673,8,2759.08,100
674,8,2759.08,100
675,14,474.05,100
676,8,2759.08,100
677,7,3599.10,100
678,8,2759.08,100
679,9,1022.07,100
680,10,527.12,100
681,12,339.15,100
682,10,527.12,100
683,10,527.12,100
684,11,889.11,100
685,14,474.05,100
686,10,527.12,100
687,14,474.05,100
688,9,1022.07,100
689,11,889.11,100
690,8,2759.08,100
691,8,2759.08,100
692,15,1287.08,100
693,12,339.15,100
694,11,889.11,100
695,16,379.05,100
696,9,1022.07,100
697,15,1287.08,100
698,12,339.15,100
699,8,2759.08,100
700,13,281.06,100
701,14,474.05,100
702,13,281.06,100
703,15,1287.08,100
704,14,474.05,100
705,12,339.15,100
706,13,281.06,100
707,11,889.11,100
708,8,2759.08,100
709,9,1022.07,100
710,7,3599.10,100
711,9,1022.07,100
712,9,1022.07,100
713,13,281.06,100
714,12,339.15,100
715,16,379.05,100
716,11,889.11,100
717,16,379.05,100
718,14,474.05,100
719,9,1022.07,100
720,15,1287.08,100
721,16,379.05,100
722,8,2759.08,100
723,11,889.11,100
724,9,1022.07,100
725,16,379.05,100
726,13,281.06,100
727,8,2759.08,100
728,16,379.05,100
729,12,339.15,100
730,15,1287.08,100
731,7,3599.10,100
732,16,379.05,100
733,10,527.12,100
734,14,474.05,100
735,13,281.06,100
736,11,889.11,100
737,13,281.06,100
738,15,1287.08,100
739,12,339.15,100
740,11,889.11,100
741,9,1022.07,100
742,8,2759.08,100
743,16,379.05,100
744,11,889.11,100
745,7,3599.10,100
746,15,1287.08,100
747,10,527.12,100
748,9,1022.07,100
749,11,889.11,100
750,16,379.05,100
751,12,339.15,100
752,10,527.12,100
753,16,379.05,100
754,10,527.12,100
755,13,281.06,100
756,13,281.06,100
757,7,3599.10,100
758,12,339.15,100
759,9,1022.07,100
760,7,3599.10,100
761,14,474.05,100
762,13,281.06,100
763,10,527.12,100
764,9,1022.07,100
765,14,474.05,100
766,12,339.15,100
767,9,1022.07,100
768,15,1287.08,100
769,15,1287.08,100
770,12,339.15,100
771,8,2759.08,100
772,8,2759.08,100
773,12,339.15,100
774,7,3599.10,100
775,10,527.12,100
776,15,1287.08,100
777,11,889.11,100
778,9,1022.07,100
779,10,527.12,100
780,15,1287.08,100
781,9,1022.07,100
782,15,1287.08,100
783,15,1287.08,100
784,10,527.12,100
785,9,1022.07,100
786,15,1287.08,100
787,8,2759.08,100
788,15,1287.08,100
789,13,281.06,100
790,16,379.05,100
791,15,1287.08,100
792,11,889.11,100
793,13,281.06,100
794,11,889.11,100
795,11,889.11,100
796,11,889.11,100
797,10,527.12,100
798,10,527.12,100
799,15,1287.08,100
800,15,1287.08,100
801,12,339.15,100
802,16,379.05,100
803,15,1287.08,100
804,11,889.11,100
805,13,281.06,100
806,15,1287.08,100
807,14,474.05,100
808,10,527.12,100
809,12,339.15,100
810,13,281.06,100
811,11,889.11,100
812,8,2759.08,100
813,12,339.15,100
814,7,3599.10,100
815,13,281.06,100
816,9,1022.07,100
817,14,474.05,100
818,11,889.11,100
819,7,3599.10,100
820,16,379.05,100
821,15,1287.08,100
822,14,474.05,100
823,7,3599.10,100
824,13,281.06,100
825,13,281.06,100
826,14,474.05,100
827,10,527.12,100
828,11,889.11,100
829,14,474.05,100
830,13,281.06,100
831,12,339.15,100
832,10,527.12,100
833,15,1287.08,100
834,8,2759.08,100
835,10,527.12,100
836,9,1022.07,100
837,11,889.11,100
838,12,339.15,100
839,15,1287.08,100
840,7,3599.10,100
841,13,281.06,100
842,12,339.15,100
843,13,281.06,100
844,8,2759.08,100
845,10,527.12,100
846,9,1022.07,100
847,12,339.15,100
848,11,889.11,100
849,12,339.15,100
850,11,889.11,100
851,15,1287.08,100
852,14,474.05,100
853,8,2759.08,100
854,14,474.05,100
855,14,474.05,100
856,7,3599.10,100
857,9,1022.07,100
858,9,1022.07,100
859,8,2759.08,100
860,16,379.05,100
861,10,527.12,100
862,8,2759.08,100
863,14,474.05,100
864,11,889.11,100
865,10,527.12,100
866,10,527.12,100
867,14,474.05,100
868,16,379.05,100
869,15,1287.08,100
870,11,889.11,100
871,7,3599.10,100
872,16,379.05,100
873,12,339.15,100
874,8,2759.08,100
875,16,379.05,100
876,9,1022.07,100
877,14,474.05,100
878,16,379.05,100
879,9,1022.07,100
880,16,379.05,100
881,10,527.12,100
882,13,281.06,100
883,7,3599.10,100
884,16,379.05,100
885,11,889.11,100
886,15,1287.08,100
887,10,527.12,100
888,13,281.06,100
889,9,1022.07,100
890,11,889.11,100
891,8,2759.08,100
892,12,339.15,100
893,7,3599.10,100
894,7,3599.10,100
895,12,339.15,100
896,8,2759.08,100
897,11,889.11,100
898,13,281.06,100
899,9,1022.07,100
900,16,379.05,100
901,11,889.11,100
902,14,474.05,100
903,8,2759.08,100
904,13,281.06,100
905,7,3599.10,100
906,16,379.05,100
907,10,527.12,100
908,8,2759.08,100
909,7,3599.10,100
910,10,527.12,100
911,12,339.15,100
912,7,3599.10,100
913,14,474.05,100
914,16,379.05,100
915,10,527.12,100
916,16,379.05,100
917,13,281.06,100
918,9,1022.07,100
919,12,339.15,100
920,18,30.00,100
921,22,150.00,100
922,23,15.00,100
923,25,1350.00,100
924,19,70.00,100
925,26,900.00,100
926,27,50.00,100
927,25,1350.00,100
928,29,402.00,100
929,25,1350.00,100
930,28,210.00,100
931,17,280.00,100
932,26,900.00,100
933,17,280.00,100
934,23,15.00,100
935,29,402.00,100
936,26,900.00,100
937,27,50.00,100
938,29,402.00,100
939,27,50.00,100
940,20,112.50,100
941,21,70.00,100
942,27,50.00,100
943,19,70.00,100
944,17,280.00,100
945,22,150.00,100
946,18,30.00,100
947,27,50.00,100
948,23,15.00,100
949,19,70.00,100
950,23,15.00,100
951,17,280.00,100
952,19,70.00,100
953,24,27.50,100
954,18,30.00,100
955,18,30.00,100
956,28,210.00,100
957,18,30.00,100
958,19,70.00,100
959,29,402.00,100
960,21,70.00,100
961,29,402.00,100
962,17,280.00,100
963,23,15.00,100
964,17,280.00,100
965,21,70.00,100
966,29,402.00,100
967,26,900.00,100
968,19,70.00,100
969,17,280.00,100
970,19,70.00,100
971,23,15.00,100
972,27,50.00,100
973,21,70.00,100
974,24,27.50,100
975,21,70.00,100
976,26,900.00,100
977,29,402.00,100
978,26,900.00,100
979,25,1350.00,100
980,21,70.00,100
981,22,150.00,100
982,17,280.00,100
983,19,70.00,100
984,27,50.00,100
985,29,402.00,100
986,18,30.00,100
987,18,30.00,100
988,28,210.00,100
989,18,30.00,100
990,24,27.50,100
991,28,210.00,100
992,20,112.50,100
993,25,1350.00,100
994,23,15.00,100
995,26,900.00,100
996,18,30.00,100
997,25,1350.00,100
998,17,280.00,100
999,24,27.50,100
1000,26,900.00,100
1001,22,150.00,100
1002,19,70.00,100
1003,23,15.00,100
1004,21,70.00,100
1005,23,15.00,100
1006,28,210.00,100
1007,20,112.50,100
1008,27,50.00,100
1009,18,30.00,100
1010,19,70.00,100
1011,27,50.00,100
1012,23,15.00,100
1013,28,210.00,100
1014,25,1350.00,100
1015,19,70.00,100
1016,25,1350.00,100
1017,28,210.00,100
1018,21,70.00,100
1019,23,15.00,100
1020,17,280.00,100
1021,25,1350.00,100
1022,29,402.00,100
1023,21,70.00,100
1024,23,15.00,100
1025,23,15.00,100
1026,24,27.50,100
1027,25,1350.00,100
1028,23,15.00,100
1029,24,27.50,100
1030,23,15.00,100
1031,28,210.00,100
1032,24,27.50,100
1033,28,210.00,100
1034,27,50.00,100
1035,22,150.00,100
1036,25,1350.00,100
1037,27,50.00,100
1038,17,280.00,100
1039,23,15.00,100
1040,17,280.00,100
1041,23,15.00,100
1042,18,30.00,100
1043,28,210.00,100
1044,29,402.00,100
1045,27,50.00,100
1046,21,70.00,100
1047,28,210.00,100
1048,22,150.00,100
1049,21,70.00,100
1050,20,112.50,100
1051,26,900.00,100
1052,29,402.00,100
1053,28,210.00,100
1054,28,210.00,100
1055,20,112.50,100
1056,23,15.00,100
1057,28,210.00,100
1058,26,900.00,100
1059,26,900.00,100
1060,24,27.50,100
1061,27,50.00,100
1062,17,280.00,100
1063,22,150.00,100
1064,21,70.00,100
1065,28,210.00,100
1066,28,210.00,100
1067,20,112.50,100
1068,28,210.00,100
1069,27,50.00,100
1070,22,150.00,100
1071,29,402.00,100
1072,23,15.00,100
1073,26,900.00,100
1074,29,402.00,100
1075,27,50.00,100
1076,20,112.50,100
1077,21,70.00,100
1078,19,70.00,100
1079,25,1350.00,100
1080,18,30.00,100
1081,19,70.00,100
1082,29,402.00,100
1083,25,1350.00,100
1084,28,210.00,100
1085,18,30.00,100
1086,27,50.00,100
1087,25,1350.00,100
1088,21,70.00,100
1089,25,1350.00,100
1090,27,50.00,100
1091,21,70.00,100
1092,27,50.00,100
1093,17,280.00,100
1094,18,30.00,100
1095,20,112.50,100
1096,17,280.00,100
1097,26,900.00,100
1098,24,27.50,100
1099,24,27.50,100
1100,27,50.00,100
1101,20,112.50,100
1102,10,342.63,65
1102,10,305.73,58
1102,13,205.17,73
1102,15,900.96,70
1102,16,257.75,68
1102,16,219.85,58
1102,17,218.40,78
1102,20,78.75,70
1102,26,603.00,67
1102,26,765.00,85
1102,28,126.00,60
1103,7,2375.41,66
1103,8,1489.90,54
1103,8,1738.22,63
1103,9,776.77,76
1103,13,168.64,60
1103,13,160.20,57
1103,25,985.50,73
1104,17,184.80,66
1104,18,25.20,84
1104,18,18.90,63
1104,19,57.40,82
1104,21,37.80,54
1104,26,693.00,77
1104,28,168.00,80
1105,7,2951.26,82
1105,7,2123.47,59
1105,12,223.84,66
1105,13,148.96,53
1105,16,238.80,63
1106,10,332.09,63
1106,17,193.20,69
1106,22,123.00,82
1106,23,8.25,55
1106,27,37.50,75
1107,20,76.50,68
1107,21,54.60,78
1107,27,41.00,82
1107,28,172.20,82
1108,10,305.73,58
1108,11,533.47,60
1108,14,312.87,66
1109,11,515.68,58
1109,13,199.55,71
1109,14,308.13,65
1109,19,44.80,64
1110,23,11.10,74
1110,24,15.95,58
1110,25,715.50,53
1110,28,144.90,69
1111,17,173.60,62
1111,22,103.50,69
1111,24,19.80,72
1111,27,36.50,73
1111,29,205.02,51
1112,7,2159.46,60
1112,9,572.36,56
1112,10,363.71,69
1112,11,657.94,74
1112,13,174.26,62
1112,14,298.65,63
1113,7,2015.50,56
1113,9,654.12,64
1113,11,746.85,84
1113,14,336.58,71
1113,15,1029.66,80
1113,16,310.82,82
1113,17,196.00,70
1113,18,20.40,68
1113,21,42.70,61
1113,27,29.50,59
1113,29,301.50,75
1113,29,273.36,68
1114,7,2123.47,59
1114,9,746.11,73
1114,11,613.49,69
1114,12,278.10,82
1114,15,772.25,60
1114,15,1081.15,84
1114,19,51.10,73
1114,20,69.75,62
1114,23,12.00,80
1114,23,8.55,57
1114,23,9.60,64
1114,27,42.00,84
1114,27,38.50,77
1114,29,313.56,78
1115,8,1407.13,51
1115,9,827.88,81
1115,10,432.24,82
1115,13,199.55,71
1115,14,312.87,66
1115,15,746.51,58
1116,10,274.10,52
1116,13,207.98,74
1116,15,900.96,70
1116,15,1081.15,84
1116,15,733.64,57
1116,16,295.66,78
1116,20,85.50,76
1116,22,120.00,80
1116,25,742.50,55
1116,26,720.00,80
1116,27,33.00,66
1117,8,1407.13,51
1117,11,649.05,73
1117,12,183.14,54
1117,12,284.89,84
1117,15,707.89,55
1117,16,242.59,64
1117,17,218.40,78
1117,18,24.00,80
1117,21,44.10,63
1117,28,165.90,79
1118,8,2179.67,79
1118,11,755.74,85
1118,13,210.80,75
1118,15,913.83,71
1118,16,288.08,76
1118,16,322.19,85
1118,19,37.10,53
1118,20,66.38,59
1118,21,46.90,67
1118,25,972.00,72
1118,25,877.50,65
1119,8,1407.13,51
1119,9,613.24,60
1119,11,480.12,54
1119,11,560.14,63
1119,16,238.80,63
1119,16,208.48,55
1120,7,2051.49,57
1120,9,868.76,85
1120,9,766.55,75
1120,11,453.45,51
1120,15,875.21,68
1121,8,2262.45,82
1121,17,215.60,77
1121,21,50.40,72
1121,23,7.50,50
1121,25,1120.50,83
1121,29,225.12,56
1121,29,237.18,59
1122,7,2735.32,76
1122,7,2411.40,67
1122,8,2262.45,82
1122,11,489.01,55
1122,11,577.92,65
1122,11,489.01,55
1123,8,2152.08,78
1123,10,437.51,83
1123,12,244.19,72
1123,13,227.66,81
1123,14,298.65,63
1123,14,402.94,85
1123,19,44.10,63
1123,29,337.68,84
1124,22,87.00,58
1124,24,19.80,72
1124,26,747.00,83
1124,28,105.00,50
1124,29,301.50,75
1125,7,2159.46,60
1125,10,416.42,79
1125,10,284.64,54
1125,11,542.36,61
1125,12,234.01,69
1125,15,978.18,76
1125,18,21.30,71
1125,21,43.40,62
1125,21,58.10,83
1125,21,53.20,76
1126,9,551.92,54
1126,9,817.66,80
1126,10,437.51,83
1126,12,179.75,53
1126,14,260.73,55
1126,14,331.84,70
1126,19,35.00,50
1126,20,84.38,75
1126,21,44.80,64
1126,23,8.10,54
1126,23,11.10,74
1126,23,12.15,81
1126,24,22.28,81
1126,25,1120.50,83
1126,27,34.00,68
1126,27,36.00,72
1126,28,155.40,74
1127,10,390.07,74
1127,13,236.09,84
1127,14,284.43,60
1127,15,810.86,63
1127,16,227.43,60
1127,16,269.13,71
1128,7,1979.51,55
1128,8,1489.90,54
1128,10,316.27,60
1128,11,506.79,57
1128,11,755.74,85
1128,16,322.19,85
1128,17,226.80,81
1128,18,17.70,59
1128,23,11.55,77
1128,24,22.28,81
1128,26,540.00,60
1128,27,38.50,77
1128,29,293.46,73
1129,7,2627.34,73
1129,8,1903.77,69
1129,11,524.57,59
1129,12,278.10,82
1129,12,254.36,75
1129,15,1055.41,82
1130,7,2519.37,70
1130,9,521.26,51
1130,12,244.19,72
1130,13,227.66,81
1130,13,205.17,73
1130,16,291.87,77
1131,7,2879.28,80
1131,8,2179.67,79
1131,8,1572.68,57
1131,9,868.76,85
1131,11,666.83,75
1131,13,205.17,73
1132,7,2195.45,61
1132,8,1793.40,65
1132,9,562.14,55
1132,10,332.09,63
1132,11,640.16,72
1132,14,317.61,67
1133,11,684.61,77
1133,12,206.88,61
1133,12,254.36,75
1133,14,322.35,68
1133,15,823.73,64
1133,15,913.83,71
1134,8,2179.67,79
1134,8,1876.17,68
1134,13,196.74,70
1134,15,849.47,66
1134,15,836.60,65
1134,16,189.53,50
1134,19,58.10,83
1134,21,47.60,68
1134,22,94.50,63
1134,23,11.85,79
1134,24,22.28,81
1134,25,999.00,74
1134,27,38.00,76
1134,29,257.28,64
1135,10,442.78,84
1135,11,604.59,68
1135,11,640.16,72
1135,12,220.45,65
1135,15,1081.15,84
1135,16,280.50,74
1135,17,154.00,55
1135,17,226.80,81
1135,18,24.30,81
1135,18,20.70,69
1135,20,78.75,70
1135,27,39.00,78
1135,27,41.50,83
1135,27,31.50,63
1135,29,277.38,69
1136,7,1799.55,50
1136,7,2411.40,67
1136,8,1462.31,53
1136,15,643.54,50
1136,16,246.38,65
1136,16,314.61,83
1136,18,20.40,68
1136,20,93.38,83
1136,24,13.75,50
1136,28,149.10,71
1136,29,329.64,82
1137,7,3023.24,84
1137,9,695.01,68
1137,10,358.44,68
1137,11,649.05,73
1137,12,210.27,62
1137,14,251.25,53
1137,17,176.40,63
1137,19,41.30,59
1137,23,12.15,81
1138,18,15.60,52
1138,21,57.40,82
1138,21,53.20,76
1138,22,111.00,74
1138,23,10.95,73
1138,25,702.00,52
1138,27,32.00,64
1139,9,858.54,84
1139,10,432.24,82
1139,11,560.14,63
1139,12,250.97,74
1139,14,327.09,69
1139,14,331.84,70
1140,7,2159.46,60
1140,8,1958.95,71
1140,12,227.23,67
1140,13,143.34,51
1140,13,210.80,75
1140,14,374.50,79
1141,8,1820.99,66
1141,9,582.58,57
1141,10,437.51,83
1141,11,711.29,80
1141,14,255.99,54
1141,16,246.38,65
1142,8,2207.26,80
1142,8,2207.26,80
1142,14,293.91,62
1142,14,274.95,58
1142,14,265.47,56
1142,16,303.24,80
1143,10,337.36,64
1143,10,353.17,67
1143,10,279.37,53
1143,13,143.34,51
1143,14,317.61,67
1143,16,269.13,71
1143,17,142.80,51
1143,17,176.40,63
1143,18,15.00,50
1143,18,25.50,85
1143,19,42.00,60
1143,23,10.80,72
1143,25,945.00,70
1143,25,1134.00,84
1143,25,1134.00,84
1143,25,823.50,61
1143,26,765.00,85
1143,26,684.00,76
1144,7,2483.38,69
1144,7,2015.50,56
1144,8,2179.67,79
1144,9,521.26,51
1144,9,776.77,76
1144,12,203.49,60
1145,9,623.46,61
1145,11,684.61,77
1145,12,213.66,63
1145,13,238.90,85
1145,14,303.39,64
1145,15,772.25,60
1145,17,162.40,58
1145,21,54.60,78
1145,23,9.30,62
1145,27,31.50,63
1145,28,121.80,58
1145,28,105.00,50
1146,7,2159.46,60
1146,9,664.35,65
1146,10,353.17,67
1146,11,657.94,74
1146,12,261.15,77
1146,16,295.66,78
1146,19,42.00,60
1146,22,114.00,76
1146,24,15.68,57
1146,25,1053.00,78
1146,26,657.00,73
1146,28,105.00,50
1146,29,221.10,55
1146,29,273.36,68
1147,7,2735.32,76
1147,10,437.51,83
1147,10,284.64,54
1147,14,346.06,73
1147,15,900.96,70
1147,15,1042.53,81
1148,7,1907.52,53
1148,9,776.77,76
1148,10,426.97,81
1148,11,506.79,57
1148,15,991.05,77
1148,15,785.12,61
1149,7,2231.44,62
1149,9,674.57,66
1149,11,755.74,85
1149,12,288.28,85
1149,15,785.12,61
1149,16,257.75,68
1149,19,58.10,83
1149,21,49.70,71
1149,23,7.50,50
1149,26,639.00,71
1149,27,26.00,52
1149,27,42.00,84
1149,28,121.80,58
1150,7,2375.41,66
1150,9,654.12,64
1150,13,188.31,67
1150,14,293.91,62
1150,14,360.28,76
1150,16,284.29,75
1150,20,59.63,53
1150,22,117.00,78
1150,23,9.75,65
1150,24,22.55,82
1150,28,176.40,84
1150,28,128.10,61
1150,28,105.00,50
1151,9,725.67,71
1151,10,353.17,67
1151,12,230.62,68
1151,13,238.90,85
1151,15,720.76,56
1151,15,1094.02,85
1152,8,1903.77,69
1152,9,695.01,68
1152,11,560.14,63
1152,12,250.97,74
1152,14,274.95,58
1152,15,991.05,77
1153,8,1683.04,61
1153,8,2207.26,80
1153,9,817.66,80
1153,10,432.24,82
1153,12,183.14,54
1153,16,231.22,61
1154,7,2375.41,66
1154,9,643.90,63
1154,9,705.23,69
1154,10,263.56,50
1154,12,288.28,85
1154,12,240.80,71
1154,18,15.60,52
1154,19,44.10,63
1154,25,675.00,50
1154,26,477.00,53
1154,26,720.00,80
1154,26,684.00,76
1154,28,123.90,59
1154,28,111.30,53
1155,9,643.90,63
1155,10,363.71,69
1155,11,649.05,73
1155,12,186.53,55
1155,13,168.64,60
1155,16,307.03,81
1156,9,735.89,72
1156,10,279.37,53
1156,11,737.96,83
1156,11,649.05,73
1156,12,217.06,64
1156,13,236.09,84
1156,23,12.75,85
1156,23,7.50,50
1156,24,23.38,85
1156,28,142.80,68
1157,8,1683.04,61
1157,10,374.26,71
1157,11,560.14,63
1157,13,174.26,62
1157,14,270.21,57
1157,15,682.15,53
1158,10,400.61,76
1158,13,213.61,76
1158,14,365.02,77
1158,14,246.51,52
1158,14,346.06,73
1158,16,253.96,67
1159,8,1820.99,66
1159,8,1876.17,68
1159,9,572.36,56
1159,13,193.93,69
1159,14,260.73,55
1159,15,991.05,77
1160,7,2555.36,71
1160,13,196.74,70
1160,13,202.36,72
1160,15,785.12,61
1160,16,288.08,76
1160,16,257.75,68
1160,17,235.20,84
1160,18,23.10,77
1160,19,36.40,52
1160,27,37.00,74
