Serv_ID,Essn
3,535-25-5282
3,888-95-0936
3,578-64-6058
3,478-03-9871
3,822-24-0789
3,416-50-7749
3,285-69-2336
3,740-03-4844
3,554-29-5230
3,132-71-2723
3,515-27-1351
3,605-10-8030
3,894-16-5365
3,336-21-1214
3,494-42-4479
3,588-30-9959
3,157-99-3663
3,218-58-1225
3,257-12-0261
3,327-56-2517
3,109-52-8836
3,194-46-4912
3,112-76-0405
3,160-58-5349
3,661-53-4128
3,336-41-7994
3,438-09-2290
3,178-32-4355
3,416-99-9675
3,899-35-3947
1,194-46-4912
2,740-03-4844
1,132-71-2723
2,822-24-0789
1,605-10-8030
2,894-16-5365
1,515-27-1351
2,218-58-1225
1,478-03-9871
2,109-52-8836
2,336-21-1214
1,588-30-9959
2,554-29-5230
1,178-32-4355
2,661-53-4128
1,578-64-6058
2,416-50-7749
1,336-41-7994
2,327-56-2517
1,494-42-4479
4,279-18-7991
4,235-28-0699
4,523-61-0991
4,303-01-1572
4,235-57-9425
4,891-02-1357
4,503-46-6833
4,194-25-7899
4,386-62-3510
4,705-96-0920
4,450-95-8498
4,318-60-5593
4,179-86-1128
4,448-65-9758
4,842-33-7983
4,771-70-9427
4,611-27-1080
4,624-08-4048
4,769-67-6068
4,711-98-8925
4,580-42-5894
4,260-12-0160
4,175-36-8367
4,622-59-8119
4,855-46-0923
4,194-72-6691
4,655-09-7731
4,324-58-8179
4,659-66-7163
4,605-46-6209
4,834-77-0619
4,854-90-6508
4,407-99-6342
4,603-55-1701
4,797-27-5309
4,422-25-8416
4,506-39-3269
4,613-59-0757
4,249-66-5108
4,223-69-8410
4,188-03-0979
4,470-69-0383
4,299-25-0165
4,324-62-8533
4,655-65-6473
4,770-90-2834
4,650-25-8712
4,496-77-2038
4,669-39-5288
4,119-73-0888
5,194-72-6691
6,496-77-2038
5,450-95-8498
6,503-46-6833
5,855-46-0923
6,770-90-2834
5,580-42-5894
6,407-99-6342
5,386-62-3510
6,605-46-6209
5,655-09-7731
6,318-60-5593
5,669-39-5288
6,299-25-0165
5,223-69-8410
6,506-39-3269
5,650-25-8712
6,659-66-7163
5,175-36-8367
6,249-66-5108
5,655-65-6473
6,611-27-1080
5,188-03-0979
6,279-18-7991
5,119-73-0888
6,523-61-0991
5,842-33-7983
6,179-86-1128
5,260-12-0160
6,624-08-4048
5,422-25-8416