Essn,Contract_ID
279-18-7991,7
235-28-0699,3
523-61-0991,9
303-01-1572,10
235-57-9425,5
891-02-1357,8
503-46-6833,4
194-25-7899,6
386-62-3510,1
705-96-0920,2
450-95-8498,8
318-60-5593,6
179-86-1128,10
448-65-9758,9
842-33-7983,2
771-70-9427,5
611-27-1080,7
624-08-4048,3
769-67-6068,1
711-98-8925,4
580-42-5894,7
260-12-0160,2
175-36-8367,3
622-59-8119,1
855-46-0923,10
194-72-6691,4
655-09-7731,8
324-58-8179,5
659-66-7163,6
605-46-6209,9
834-77-0619,5
854-90-6508,1
407-99-6342,7
603-55-1701,9
797-27-5309,10
422-25-8416,6
506-39-3269,2
613-59-0757,3
249-66-5108,4
223-69-8410,8
188-03-0979,1
470-69-0383,7
299-25-0165,4
324-62-8533,10
655-65-6473,2
770-90-2834,3
650-25-8712,5
496-77-2038,6
669-39-5288,8
119-73-0888,9
117-15-9866,7
311-27-8636,5
867-19-4487,1
257-71-7733,4
534-45-7901,3
550-47-6199,2
329-56-2930,9
109-51-6553,6
803-69-9886,10
377-21-7150,8
470-57-7121,5
765-37-7380,1
713-31-6727,2
259-97-5795,9
631-65-1970,6
505-84-5567,10
331-45-1900,8
244-85-2321,7
735-21-9436,3
873-02-8893,4
348-89-1717,1
511-24-6997,10
702-57-1309,8
546-39-6338,5
605-94-3821,3
482-99-8564,7
660-93-4278,2
644-33-6437,4
508-23-8527,6
388-87-2614,9
603-55-3533,7
652-09-0879,9
791-36-5885,2
706-27-1840,5
358-01-9585,6
323-49-2911,10
875-96-5877,8
574-16-3452,4
544-96-8239,1
751-55-4288,3
838-76-5545,3
223-18-0765,2
647-21-0457,4
574-48-2241,10
435-03-5922,5
370-33-5869,7
467-37-0421,6
538-60-9947,1
602-48-8619,8
571-93-4844,9
377-83-9233,10
182-09-6083,9
345-24-0157,2
496-41-6355,4
379-71-4404,6
518-75-3825,8
407-39-7358,1
348-99-2374,7
562-35-8394,5
555-18-9229,3
439-31-6650,6
764-35-2148,4
795-20-0900,9
158-03-4596,10
561-63-0783,5
367-75-0951,1
518-38-5590,2
525-64-8676,7
155-55-1683,8
270-08-7276,3
188-77-4344,9
594-49-3101,7
239-01-1704,4
158-38-5900,2
565-72-4385,1
866-61-4228,3
436-69-4658,10
299-13-4811,8
868-73-4508,6
369-26-4226,5
242-27-9327,8
661-48-0155,3
139-34-3598,1
362-83-5618,2
818-78-3684,4
234-61-6376,10
895-49-0232,7
858-29-1142,6
718-34-3080,9
177-89-5885,5
149-20-6050,5
477-02-1197,6
479-64-7304,2
382-75-3812,10
557-25-5324,9
432-58-2360,7
701-45-5622,3
151-71-1723,8
732-68-3787,1
173-59-5969,4
777-31-2895,8
557-95-7045,1
432-39-7586,10
875-95-7090,5
108-10-7239,4
352-30-4323,3
528-88-2013,9
114-59-1122,2
161-74-8840,6
637-93-5698,7
512-42-1013,9
350-11-8759,3
262-49-5716,7
127-95-4355,5
858-63-2836,2
195-66-0098,4
502-95-8427,8
855-19-4631,6
516-64-4912,10
384-32-9131,1
675-98-6577,1
601-56-2527,7
300-47-1801,5
313-24-2386,8
407-52-4153,10
552-84-8327,4
799-89-5375,2
142-91-9237,6
688-02-3060,3
878-14-7606,9
429-41-3261,6
609-43-7284,10
779-55-0273,5
205-67-9988,8
720-68-1948,7
110-25-0799,9
763-32-3808,3
205-84-9653,2
400-70-5790,1
706-38-2344,4
141-81-4196,6
252-59-0248,9
175-46-1419,4
513-25-7888,1
713-39-9376,8
882-17-2839,3
516-73-8852,7
389-91-5307,2
270-78-4371,10
703-40-4561,5
830-99-7037,4
506-84-7525,6
507-52-7985,8
161-65-1453,10
124-96-2108,3
627-44-7793,9
185-22-5969,1
860-93-8822,7
146-69-4349,5
708-56-5980,2
207-74-5691,3
513-57-0954,8
726-05-9776,9
415-21-4557,5
597-06-3684,4
681-05-4509,7
638-83-5601,6
860-86-7277,10
248-56-3771,2
406-32-4301,1
513-72-1719,2
787-96-9201,1
304-68-4562,5
140-67-9991,7
780-61-4298,10
773-65-6439,9
284-78-4683,4
438-21-4654,8
447-80-4391,3
535-25-5282,6
888-95-0936,3
578-64-6058,1
478-03-9871,6
822-24-0789,4
416-50-7749,2
285-69-2336,8
740-03-4844,7
554-29-5230,9
132-71-2723,5
515-27-1351,10
605-10-8030,5
894-16-5365,2
336-21-1214,9
494-42-4479,6
588-30-9959,3
157-99-3663,10
218-58-1225,4
257-12-0261,7
327-56-2517,8
109-52-8836,1
194-46-4912,3
112-76-0405,9
160-58-5349,6
661-53-4128,2
336-41-7994,5
438-09-2290,8
178-32-4355,10
416-99-9675,4
899-35-3947,1
859-24-5597,7
845-89-8716,9
448-84-9287,6
829-68-4500,5
347-67-7975,4
425-23-6238,10
664-25-7350,7
567-62-7826,2
302-80-3833,1
524-07-3162,3
479-86-1866,8
233-13-2459,8
292-31-6615,5
441-68-4897,4
657-52-8514,1
520-86-9031,3
534-36-7165,2
335-17-0628,9
789-85-1617,6
709-11-4648,7
634-18-6577,10
699-14-5810,2
419-42-4253,5
817-98-4699,10
817-40-8546,6
604-49-1621,9
311-28-4047,3
466-48-5071,1
354-68-5453,8
596-30-3841,7
445-04-2122,4
887-64-6763,2
368-19-2165,7
375-69-1863,8
371-94-0004,10
573-73-3115,6
701-85-8160,5
134-14-3555,3
602-83-2553,1
235-09-4001,4
663-52-3229,9
