ID,Expected_Arrival_Date,Real_Arrival_Date,Sup_Email,GS_Longitude,GS_Latitude
1,01/01/2022,01/01/2022,bsheasby21@intel.com,38.2019,21.428285
2,01/01/2022,01/01/2022,vlemar1b@dot.gov,38.262807,22.778594
3,01/01/2022,01/01/2022,sbleyman2j@moonfruit.com,38.682971,22.038279
4,01/01/2022,01/01/2022,blillie1r@google.com.br,37.942487,21.152171
5,01/01/2022,01/01/2022,dmckmurrie1e@yolasite.com,37.988127,22.115035
6,01/01/2022,01/01/2022,nbenyan2p@rambler.ru,37.793219,22.508819
7,01/01/2022,01/01/2022,lthurling14@chicagotribune.com,36.655448,22.759316
8,01/01/2022,01/01/2022,bedes27@usnews.com,38.007562,21.225408
9,01/01/2022,01/01/2022,charbor1l@kickstarter.com,37.066891,21.200989
10,01/01/2022,01/01/2022,scroadf@weebly.com,37.496027,22.908386
11,01/01/2022,01/01/2022,sdiegan28@netlog.com,36.776168,22.201528
12,01/01/2022,01/01/2022,lgorriessene@cisco.com,39.532177,22.166377
13,01/01/2022,01/01/2022,bbeaufoy1d@gravatar.com,36.02151,22.480999
14,01/01/2022,01/01/2022,rgelland1x@wiley.com,39.159734,22.717787
15,01/01/2022,01/01/2022,tchaimson2i@tripod.com,38.681253,22.826654
16,01/01/2022,01/01/2022,kagius1a@cisco.com,36.190598,22.952309
17,01/01/2022,01/01/2022,bboddy26@fema.gov,39.243902,21.819605
18,01/01/2022,01/01/2022,egyles1m@odnoklassniki.ru,39.62454,21.555351
19,01/01/2022,01/01/2022,ysimak9@msn.com,39.362558,22.372545
20,01/01/2022,01/01/2022,dgrisenthwaite2k@jiathis.com,38.987,22.57105
21,01/01/2022,01/01/2022,soagt@odnoklassniki.ru,37.887318,22.785831
22,01/01/2022,01/01/2022,ysimak9@msn.com,39.877714,21.358061
23,01/01/2022,01/01/2022,bbeaufoy1d@gravatar.com,36.822306,21.744172
24,01/01/2022,01/01/2022,blillie1r@google.com.br,37.958652,22.670532
25,01/01/2022,01/01/2022,rjurczak5@biblegateway.com,37.278692,21.092014
26,01/01/2022,01/01/2022,dheale13@php.net,39.087018,22.459516
27,01/01/2022,01/01/2022,sedmands2n@loc.gov,37.183855,21.434547
28,01/01/2022,01/01/2022,kagius1a@cisco.com,37.40737,22.022397
29,01/01/2022,01/01/2022,bbeaufoy1d@gravatar.com,39.559869,21.073529
30,01/01/2022,01/01/2022,nbenyan2p@rambler.ru,39.42864,21.391072
31,01/01/2022,01/01/2022,bseadon1k@google.nl,36.878025,22.721308
32,01/01/2022,01/01/2022,edivillm@netlog.com,38.084575,22.01898
33,01/01/2022,01/01/2022,sedmands2n@loc.gov,39.778374,22.116495
34,01/01/2022,01/01/2022,hdalinder1w@merriam-webster.com,38.153323,22.51488
35,01/01/2022,01/01/2022,ymartew@globo.com,36.182171,21.035169
36,01/01/2022,01/01/2022,blillie1r@google.com.br,38.614483,22.711832
37,01/01/2022,01/01/2022,dheale13@php.net,39.917906,22.189849
38,01/01/2022,01/01/2022,hemmanuelez@cdc.gov,38.263947,22.4074
39,01/01/2022,01/01/2022,ymartew@globo.com,39.523325,22.588122
40,01/01/2022,01/01/2022,bseadon1k@google.nl,38.82109,21.136778
41,01/01/2022,01/01/2022,wgoing2e@google.cn,36.135136,22.066818
42,01/01/2022,01/01/2022,tmaudling1y@umn.edu,38.551598,21.209075
43,01/01/2022,01/01/2022,sedmands2n@loc.gov,36.134797,21.639669
44,01/01/2022,01/01/2022,jhuckstepp1t@eventbrite.com,37.38102,22.021288
45,01/01/2022,01/01/2022,mboissier2q@icio.us,39.248553,21.902334
46,01/01/2022,01/01/2022,tmaudling1y@umn.edu,38.815164,22.113392
47,01/01/2022,01/01/2022,rashfoldc@marriott.com,39.537578,22.594296
48,01/01/2022,01/01/2022,khousiauxd@amazon.de,39.264855,21.420545
49,01/01/2022,01/01/2022,dwaneo@github.com,36.316855,22.214117
50,01/01/2022,01/01/2022,fsharpin1c@dropbox.com,36.413642,22.802954
51,01/01/2022,01/01/2022,amcmakin2c@mtv.com,39.537578,22.594296
52,01/01/2022,01/01/2022,cfilippello23@netscape.com,39.917906,22.189849
53,01/01/2022,01/01/2022,kpoltone2@salon.com,39.362558,22.372545
54,01/01/2022,01/01/2022,tmaudling1y@umn.edu,36.822306,21.744172
55,01/01/2022,01/01/2022,jjollie10@shinystat.com,39.62454,21.555351
56,01/01/2022,01/01/2022,egyles1m@odnoklassniki.ru,36.822306,21.744172
57,01/01/2022,01/01/2022,cgetchb@people.com.cn,38.987,22.57105
58,01/01/2022,01/01/2022,fnitti22@foxnews.com,37.958652,22.670532
59,01/01/2022,01/01/2022,charbor1l@kickstarter.com,37.887318,22.785831
60,01/01/2022,01/01/2022,jjollie10@shinystat.com,39.877714,21.358061
61,01/01/2022,01/01/2022,qsorensen1v@sfgate.com,36.822306,21.744172
62,01/01/2022,01/01/2022,cskoate2a@nyu.edu,37.958652,22.670532
63,01/01/2022,01/01/2022,jrustidge4@salon.com,37.278692,21.092014
64,01/01/2022,01/01/2022,ecroptona@blogger.com,39.087018,22.459516
65,01/01/2022,01/01/2022,jmeldonk@soup.io,37.183855,21.434547
66,01/01/2022,01/01/2022,bbeaufoy1d@gravatar.com,37.40737,22.022397
67,01/01/2022,01/01/2022,aroast1u@webmd.com,39.559869,21.073529
68,01/01/2022,01/01/2022,gcomello1@example.com,39.42864,21.391072
69,01/01/2022,01/01/2022,mepilet12@etsy.com,36.878025,22.721308
70,01/01/2022,01/01/2022,ntraite2g@123-reg.co.uk,38.084575,22.01898
71,01/01/2022,01/01/2022,kcarenn@geocities.com,39.778374,22.116495
72,01/01/2022,01/01/2022,aduckwiths@accuweather.com,38.153323,22.51488
73,01/01/2022,01/01/2022,selsy1o@ucla.edu,36.182171,21.035169
74,01/01/2022,01/01/2022,kpoltone2@salon.com,38.614483,22.711832
75,01/01/2022,01/01/2022,bbeaufoy1d@gravatar.com,39.917906,22.189849
76,01/01/2022,01/01/2022,ecroptona@blogger.com,38.263947,22.4074
77,01/01/2022,01/01/2022,lgorriessene@cisco.com,39.523325,22.588122
78,01/01/2022,01/01/2022,bsheasby21@intel.com,38.82109,21.136778
79,01/01/2022,01/01/2022,mboissier2q@icio.us,36.135136,22.066818
80,01/01/2022,01/01/2022,gstledger29@themeforest.net,38.551598,21.209075
81,01/01/2022,01/01/2022,avolke2m@amazon.com,36.134797,21.639669
82,01/01/2022,01/01/2022,ehadwick15@bbb.org,37.38102,22.021288
83,01/01/2022,01/01/2022,aduckwiths@accuweather.com,39.248553,21.902334
84,01/01/2022,01/01/2022,aroast1u@webmd.com,38.815164,22.113392
85,01/01/2022,01/01/2022,bsheasby21@intel.com,39.537578,22.594296
86,01/01/2022,01/01/2022,esoame2r@theglobeandmail.com,39.264855,21.420545
87,01/01/2022,01/01/2022,hdalinder1w@merriam-webster.com,36.316855,22.214117
88,01/01/2022,01/01/2022,rfawlo1h@zdnet.com,36.413642,22.802954
89,01/01/2022,01/01/2022,cwastie24@yale.edu,36.190598,22.952309
90,01/01/2022,01/01/2022,gstledger29@themeforest.net,39.243902,21.819605
91,01/01/2022,01/01/2022,mboissier2q@icio.us,39.537578,22.594296
92,01/01/2022,01/01/2022,mklos1z@plala.or.jp,37.183855,21.434547
93,01/01/2022,01/01/2022,cbreakey3@dedecms.com,38.262807,22.778594
94,01/01/2022,01/01/2022,tmouan1i@wisc.edu,39.362558,22.372545
95,01/01/2022,01/01/2022,rjurczak5@biblegateway.com,38.987,22.57105
96,01/01/2022,01/01/2022,egyles1m@odnoklassniki.ru,37.887318,22.785831
97,01/01/2022,01/01/2022,pmaclareni@slate.com,39.877714,21.358061
98,01/01/2022,01/01/2022,cbreakey3@dedecms.com,36.822306,21.744172
99,01/01/2022,01/01/2022,dgrisenthwaite2k@jiathis.com,37.958652,22.670532
100,01/01/2022,01/01/2022,nbenyan2p@rambler.ru,37.278692,21.092014
101,01/01/2022,01/01/2022,vlemar1b@dot.gov,39.087018,22.459516
102,01/01/2022,01/01/2022,tmouan1i@wisc.edu,37.183855,21.434547
103,01/01/2022,01/01/2022,vvorleyh@constantcontact.com,37.40737,22.022397
104,01/01/2022,01/01/2022,abolzmann19@people.com.cn,39.559869,21.073529
105,01/01/2022,01/01/2022,tmouan1i@wisc.edu,39.42864,21.391072
106,01/01/2022,01/01/2022,cgetchb@people.com.cn,36.878025,22.721308
107,01/01/2022,01/01/2022,ablacksell1g@blogspot.com,38.084575,22.01898
108,01/01/2022,01/01/2022,vvorleyh@constantcontact.com,39.778374,22.116495
109,01/01/2022,01/01/2022,rashfoldc@marriott.com,38.153323,22.51488
110,01/01/2022,01/01/2022,avinag@shinystat.com,36.182171,21.035169
111,01/01/2022,01/01/2022,ymartew@globo.com,38.614483,22.711832
112,01/01/2022,01/01/2022,ecroptona@blogger.com,39.917906,22.189849
113,01/01/2022,01/01/2022,bbeaufoy1d@gravatar.com,38.263947,22.4074
114,01/01/2022,01/01/2022,aduckwiths@accuweather.com,39.523325,22.588122
115,01/01/2022,01/01/2022,egyles1m@odnoklassniki.ru,38.82109,21.136778
116,01/01/2022,01/01/2022,lgorriessene@cisco.com,36.135136,22.066818
117,01/01/2022,01/01/2022,aandreutti1p@mayoclinic.com,38.551598,21.209075
118,01/01/2022,01/01/2022,vgrimbaldestonv@reddit.com,36.134797,21.639669
119,01/01/2022,01/01/2022,areagan16@gravatar.com,37.38102,22.021288
120,01/01/2022,01/01/2022,ogeelanr@cbslocal.com,39.248553,21.902334
121,01/01/2022,01/01/2022,ntraite2g@123-reg.co.uk,38.815164,22.113392
122,01/01/2022,01/01/2022,sbleyman2j@moonfruit.com,39.537578,22.594296
123,01/01/2022,01/01/2022,hmerigon17@home.pl,39.264855,21.420545
124,01/01/2022,01/01/2022,hdalinder1w@merriam-webster.com,36.316855,22.214117
125,01/01/2022,01/01/2022,kfurzerj@ustream.tv,36.413642,22.802954
126,01/01/2022,01/01/2022,jhuckstepp1t@eventbrite.com,38.987,22.57105
127,01/01/2022,01/01/2022,ecumberland7@state.gov,39.917906,22.189849
128,01/01/2022,01/01/2022,tmaudling1y@umn.edu,37.183855,21.434547
129,01/01/2022,01/01/2022,charbor1l@kickstarter.com,37.278692,21.092014
130,01/01/2022,01/01/2022,bseadon1k@google.nl,37.988127,22.115035
131,01/01/2022,01/01/2022,jrustidge4@salon.com,36.878025,22.721308
132,01/01/2022,01/01/2022,kvannini25@gov.uk,36.182171,21.035169
133,01/01/2022,01/01/2022,ysimak9@msn.com,38.262807,22.778594
134,01/01/2022,01/01/2022,areagan16@gravatar.com,37.793219,22.508819
135,01/01/2022,01/01/2022,dcourson1n@answers.com,36.655448,22.759316
136,01/01/2022,01/01/2022,ghackneyq@google.es,38.007562,21.225408
137,01/01/2022,01/01/2022,dcourson1n@answers.com,37.066891,21.200989
138,01/01/2022,01/01/2022,rashfoldc@marriott.com,37.496027,22.908386
139,01/01/2022,01/01/2022,dheale13@php.net,36.776168,22.201528
140,01/01/2022,01/01/2022,adelaharpe1f@mapquest.com,39.532177,22.166377
141,01/01/2022,01/01/2022,aandreutti1p@mayoclinic.com,36.02151,22.480999
142,01/01/2022,01/01/2022,bbeaufoy1d@gravatar.com,39.159734,22.717787
143,01/01/2022,01/01/2022,sbleyman2j@moonfruit.com,38.681253,22.826654
144,01/01/2022,01/01/2022,sfiltness2o@xrea.com,36.190598,22.952309
145,01/01/2022,01/01/2022,rashfoldc@marriott.com,39.243902,21.819605
146,01/01/2022,01/01/2022,soagt@odnoklassniki.ru,39.62454,21.555351
147,01/01/2022,01/01/2022,ablacksell1g@blogspot.com,39.362558,22.372545
148,01/01/2022,01/01/2022,hemmanuelez@cdc.gov,38.987,22.57105
149,01/01/2022,01/01/2022,sedmands2n@loc.gov,37.887318,22.785831
150,01/01/2022,01/01/2022,ymartew@globo.com,39.877714,21.358061
151,01/01/2022,01/01/2022,ckibble2h@amazonaws.com,36.822306,21.744172
152,01/01/2022,01/01/2022,cminot11@4shared.com,37.958652,22.670532
153,01/01/2022,01/01/2022,hmerigon17@home.pl,37.278692,21.092014
154,01/01/2022,01/01/2022,khousiauxd@amazon.de,39.087018,22.459516
155,01/01/2022,01/01/2022,jrustidge4@salon.com,37.183855,21.434547
156,01/01/2022,01/01/2022,kvannini25@gov.uk,37.40737,22.022397
157,01/01/2022,01/01/2022,lbuttress6@infoseek.co.jp,39.559869,21.073529
158,01/01/2022,01/01/2022,dgrisenthwaite2k@jiathis.com,39.42864,21.391072
159,01/01/2022,01/01/2022,gstledger29@themeforest.net,36.878025,22.721308
160,01/01/2022,01/01/2022,ldefontu@thetimes.co.uk,38.084575,22.01898
161,01/01/2022,01/01/2022,mklos1z@plala.or.jp,39.778374,22.116495
162,01/01/2022,01/01/2022,gspare18@seattletimes.com,38.153323,22.51488
163,01/01/2022,01/01/2022,adelaharpe1f@mapquest.com,36.182171,21.035169
164,01/01/2022,01/01/2022,mepilet12@etsy.com,38.614483,22.711832
165,01/01/2022,01/01/2022,abolzmann19@people.com.cn,39.917906,22.189849
166,01/01/2022,01/01/2022,gspare18@seattletimes.com,38.263947,22.4074
167,01/01/2022,01/01/2022,bbeaufoy1d@gravatar.com,39.523325,22.588122
168,01/01/2022,01/01/2022,vgrimbaldestonv@reddit.com,38.82109,21.136778
169,01/01/2022,01/01/2022,nwycliff20@free.fr,36.135136,22.066818
170,01/01/2022,01/01/2022,mboissier2q@icio.us,38.551598,21.209075
171,01/01/2022,01/01/2022,ogeelanr@cbslocal.com,36.134797,21.639669
172,01/01/2022,01/01/2022,ysimak9@msn.com,37.38102,22.021288
173,01/01/2022,01/01/2022,jrustidge4@salon.com,39.248553,21.902334
174,01/01/2022,01/01/2022,gstledger29@themeforest.net,38.815164,22.113392
175,01/01/2022,01/01/2022,soagt@odnoklassniki.ru,39.537578,22.594296
176,01/01/2022,01/01/2022,kagius1a@cisco.com,39.264855,21.420545
177,01/01/2022,01/01/2022,jjollie10@shinystat.com,36.316855,22.214117
178,01/01/2022,01/01/2022,sfiltness2o@xrea.com,36.413642,22.802954
179,01/01/2022,01/01/2022,nislip1j@sogou.com,36.02151,22.480999
180,01/01/2022,01/01/2022,hmerigon17@home.pl,38.551598,21.209075
181,01/01/2022,01/01/2022,avolke2m@amazon.com,37.183855,21.434547
182,01/01/2022,01/01/2022,cminot11@4shared.com,36.02151,22.480999
183,01/01/2022,01/01/2022,dmckmurrie1e@yolasite.com,36.02151,22.480999
184,01/01/2022,01/01/2022,bbeaufoy1d@gravatar.com,36.822306,21.744172
185,01/01/2022,01/01/2022,bbeaufoy1d@gravatar.com,36.190598,22.952309
186,01/01/2022,01/01/2022,avolke2m@amazon.com,39.243902,21.819605
187,01/01/2022,01/01/2022,bbeaufoy1d@gravatar.com,39.62454,21.555351
188,01/01/2022,01/01/2022,dcourson1n@answers.com,39.362558,22.372545
189,01/01/2022,01/01/2022,aroast1u@webmd.com,38.987,22.57105
190,01/01/2022,01/01/2022,charbor1l@kickstarter.com,37.887318,22.785831
191,01/01/2022,01/01/2022,lbuttress6@infoseek.co.jp,39.877714,21.358061
192,01/01/2022,01/01/2022,mepilet12@etsy.com,36.822306,21.744172
193,01/01/2022,01/01/2022,hemmanuelez@cdc.gov,37.958652,22.670532
194,01/01/2022,01/01/2022,nbenyan2p@rambler.ru,37.278692,21.092014
195,01/01/2022,01/01/2022,vgrimbaldestonv@reddit.com,39.087018,22.459516
196,01/01/2022,01/01/2022,aandreutti1p@mayoclinic.com,37.183855,21.434547
197,01/01/2022,01/01/2022,aroast1u@webmd.com,37.40737,22.022397
198,01/01/2022,01/01/2022,avolke2m@amazon.com,39.559869,21.073529
199,01/01/2022,01/01/2022,mhyndp@theatlantic.com,39.42864,21.391072
200,01/01/2022,01/01/2022,smaiory@house.gov,36.878025,22.721308
201,01/01/2022,01/01/2022,ghullandx@dailymail.co.uk,38.084575,22.01898
202,01/01/2022,01/01/2022,rashfoldc@marriott.com,39.778374,22.116495
203,01/01/2022,01/01/2022,sdiegan28@netlog.com,38.153323,22.51488
204,01/01/2022,01/01/2022,nislip1j@sogou.com,36.182171,21.035169
205,01/01/2022,01/01/2022,tmouan1i@wisc.edu,38.614483,22.711832
206,01/01/2022,01/01/2022,kcarenn@geocities.com,39.917906,22.189849
207,01/01/2022,01/01/2022,rgelland1x@wiley.com,38.263947,22.4074
208,01/01/2022,01/01/2022,cgetchb@people.com.cn,39.523325,22.588122
209,01/01/2022,01/01/2022,bedes27@usnews.com,38.82109,21.136778
210,01/01/2022,01/01/2022,mklos1z@plala.or.jp,36.135136,22.066818
211,01/01/2022,01/01/2022,jmeldonk@soup.io,38.551598,21.209075
212,01/01/2022,01/01/2022,tmouan1i@wisc.edu,36.134797,21.639669
213,01/01/2022,01/01/2022,hemmanuelez@cdc.gov,37.38102,22.021288
214,01/01/2022,01/01/2022,tmouan1i@wisc.edu,39.248553,21.902334
215,01/01/2022,01/01/2022,abolzmann19@people.com.cn,38.815164,22.113392
216,01/01/2022,01/01/2022,pmaclareni@slate.com,39.537578,22.594296
217,01/01/2022,01/01/2022,rashfoldc@marriott.com,39.264855,21.420545
218,01/01/2022,01/01/2022,adelaharpe1f@mapquest.com,36.316855,22.214117
219,01/01/2022,01/01/2022,vvorleyh@constantcontact.com,36.413642,22.802954
220,01/01/2022,01/01/2022,cbreakey3@dedecms.com,37.958652,22.670532
221,01/01/2022,01/01/2022,bedes27@usnews.com,38.262807,22.778594
222,01/01/2022,01/01/2022,ysimak9@msn.com,39.532177,22.166377
223,01/01/2022,01/01/2022,tmouan1i@wisc.edu,39.362558,22.372545
224,01/01/2022,01/01/2022,lbuttress6@infoseek.co.jp,39.532177,22.166377
225,01/01/2022,01/01/2022,smaiory@house.gov,38.987,22.57105
226,01/01/2022,01/01/2022,sfiltness2o@xrea.com,37.942487,21.152171
227,01/01/2022,01/01/2022,ckibble2h@amazonaws.com,37.988127,22.115035
228,01/01/2022,01/01/2022,rjurczak5@biblegateway.com,37.066891,21.200989
229,01/01/2022,01/01/2022,jmeldonk@soup.io,37.496027,22.908386
230,01/01/2022,01/01/2022,kfurzerj@ustream.tv,36.776168,22.201528
231,01/01/2022,01/01/2022,fnitti22@foxnews.com,39.532177,22.166377
232,01/01/2022,01/01/2022,cgetchb@people.com.cn,36.02151,22.480999
233,01/01/2022,01/01/2022,jmeldonk@soup.io,39.159734,22.717787
234,01/01/2022,01/01/2022,abolzmann19@people.com.cn,38.681253,22.826654
235,01/01/2022,01/01/2022,avinag@shinystat.com,36.190598,22.952309
236,01/01/2022,01/01/2022,cgetchb@people.com.cn,39.243902,21.819605
237,01/01/2022,01/01/2022,cminot11@4shared.com,39.62454,21.555351
238,01/01/2022,01/01/2022,ckibble2h@amazonaws.com,39.362558,22.372545
239,01/01/2022,01/01/2022,akaspar8@woothemes.com,38.987,22.57105
240,01/01/2022,01/01/2022,mboissier2q@icio.us,37.887318,22.785831
241,01/01/2022,01/01/2022,ghackneyq@google.es,39.877714,21.358061
242,01/01/2022,01/01/2022,avolke2m@amazon.com,36.822306,21.744172
243,01/01/2022,01/01/2022,lgorriessene@cisco.com,37.958652,22.670532
244,01/01/2022,01/01/2022,adelaharpe1f@mapquest.com,37.278692,21.092014
245,01/01/2022,01/01/2022,lgorriessene@cisco.com,39.087018,22.459516
246,01/01/2022,01/01/2022,kcarenn@geocities.com,37.183855,21.434547
247,01/01/2022,01/01/2022,ghullandx@dailymail.co.uk,37.40737,22.022397
248,01/01/2022,01/01/2022,ghackneyq@google.es,39.559869,21.073529
249,01/01/2022,01/01/2022,kfurzerj@ustream.tv,39.42864,21.391072
250,01/01/2022,01/01/2022,cfilippello23@netscape.com,36.878025,22.721308
251,01/01/2022,01/01/2022,charbor1l@kickstarter.com,38.084575,22.01898
252,01/01/2022,01/01/2022,ghullandx@dailymail.co.uk,39.778374,22.116495
253,01/01/2022,01/01/2022,bbeaufoy1d@gravatar.com,38.153323,22.51488
254,01/01/2022,01/01/2022,vlemar1b@dot.gov,36.182171,21.035169
255,01/01/2022,01/01/2022,kagius1a@cisco.com,38.614483,22.711832
256,01/01/2022,01/01/2022,nbenyan2p@rambler.ru,39.917906,22.189849
257,01/01/2022,01/01/2022,ghullandx@dailymail.co.uk,38.263947,22.4074
258,01/01/2022,01/01/2022,bseadon1k@google.nl,39.523325,22.588122
259,01/01/2022,01/01/2022,ntraite2g@123-reg.co.uk,38.82109,21.136778
260,01/01/2022,01/01/2022,amcmakin2c@mtv.com,36.135136,22.066818
261,01/01/2022,01/01/2022,vgrimbaldestonv@reddit.com,38.551598,21.209075
262,01/01/2022,01/01/2022,pmaclareni@slate.com,36.134797,21.639669
263,01/01/2022,01/01/2022,scroadf@weebly.com,37.38102,22.021288
264,01/01/2022,01/01/2022,wdolphin2l@sbwire.com,39.248553,21.902334
265,01/01/2022,01/01/2022,ablacksell1g@blogspot.com,38.815164,22.113392
266,01/01/2022,01/01/2022,vlemar1b@dot.gov,39.537578,22.594296
267,01/01/2022,01/01/2022,rfawlo1h@zdnet.com,39.264855,21.420545
268,01/01/2022,01/01/2022,sbleyman2j@moonfruit.com,36.316855,22.214117
269,01/01/2022,01/01/2022,ntraite2g@123-reg.co.uk,36.413642,22.802954
270,01/01/2022,01/01/2022,dcourson1n@answers.com,36.822306,21.744172
271,01/01/2022,01/01/2022,bboddy26@fema.gov,39.532177,22.166377
272,01/01/2022,01/01/2022,kfurzerj@ustream.tv,38.614483,22.711832
273,01/01/2022,01/01/2022,avolke2m@amazon.com,38.262807,22.778594
274,01/01/2022,01/01/2022,mhyndp@theatlantic.com,37.40737,22.022397
275,01/01/2022,01/01/2022,ghullandx@dailymail.co.uk,37.40737,22.022397
276,01/01/2022,01/01/2022,hemmanuelez@cdc.gov,39.243902,21.819605
277,01/01/2022,01/01/2022,sdiegan28@netlog.com,36.02151,22.480999
278,01/01/2022,01/01/2022,hemmanuelez@cdc.gov,36.822306,21.744172
279,16/12/2022,22/12/2022,qsorensen1v@sfgate.com,38.2019,21.428285
280,04/04/2022,06/04/2022,kpoltone2@salon.com,38.262807,22.778594
281,29/05/2022,03/06/2022,kfurzerj@ustream.tv,38.682971,22.038279
282,19/07/2022,23/07/2022,ogeelanr@cbslocal.com,37.942487,21.152171
283,31/05/2022,01/06/2022,sedmands2n@loc.gov,37.988127,22.115035
284,21/05/2022,28/05/2022,dwaneo@github.com,37.793219,22.508819
285,01/09/2022,08/09/2022,ecroptona@blogger.com,36.655448,22.759316
286,11/12/2022,14/12/2022,dgrisenthwaite2k@jiathis.com,38.007562,21.225408
287,11/12/2022,12/12/2022,rjurczak5@biblegateway.com,37.066891,21.200989
288,24/07/2022,25/07/2022,vlemar1b@dot.gov,37.496027,22.908386
289,02/04/2022,07/04/2022,sedmands2n@loc.gov,36.776168,22.201528
290,21/11/2022,27/11/2022,mhyndp@theatlantic.com,39.532177,22.166377
291,10/09/2022,14/09/2022,ghackneyq@google.es,36.02151,22.480999
292,07/09/2022,12/09/2022,gspare18@seattletimes.com,39.159734,22.717787
293,19/10/2022,20/10/2022,edivillm@netlog.com,38.681253,22.826654
294,13/09/2022,19/09/2022,rjurczak5@biblegateway.com,36.190598,22.952309
295,13/06/2022,15/06/2022,mepilet12@etsy.com,39.243902,21.819605
296,22/09/2022,23/09/2022,tmaudling1y@umn.edu,39.62454,21.555351
297,23/03/2022,23/03/2022,khousiauxd@amazon.de,39.362558,22.372545
298,18/12/2022,20/12/2022,kvannini25@gov.uk,38.987,22.57105
299,11/10/2022,12/10/2022,soagt@odnoklassniki.ru,37.887318,22.785831
300,24/08/2022,24/08/2022,bsheasby21@intel.com,39.877714,21.358061
301,12/10/2022,14/10/2022,kvannini25@gov.uk,36.822306,21.744172
302,19/04/2022,23/04/2022,jmeldonk@soup.io,37.278692,22.670532
303,03/03/2022,08/03/2022,cminot11@4shared.com,39.087018,21.092014
304,09/12/2022,11/12/2022,nwhitewood1s@mozilla.com,37.183855,22.459516
305,27/08/2022,01/09/2022,abolzmann19@people.com.cn,37.40737,21.434547
306,04/06/2022,10/06/2022,scroadf@weebly.com,39.559869,22.022397
307,17/12/2022,24/12/2022,gfolkerd1q@europa.eu,39.42864,21.073529
308,29/08/2022,31/08/2022,charbor1l@kickstarter.com,36.878025,21.391072
309,18/03/2022,18/03/2022,amcmakin2c@mtv.com,38.084575,22.721308
310,08/07/2022,15/07/2022,gspare18@seattletimes.com,39.778374,22.01898
311,10/08/2022,13/08/2022,rjurczak5@biblegateway.com,38.153323,22.116495
312,28/06/2022,28/06/2022,jhuckstepp1t@eventbrite.com,36.182171,22.51488
313,04/07/2022,06/07/2022,dgrisenthwaite2k@jiathis.com,38.614483,21.035169
314,02/07/2022,03/07/2022,jhuckstepp1t@eventbrite.com,39.917906,22.711832
315,07/11/2022,13/11/2022,hmerigon17@home.pl,38.263947,22.189849
316,16/10/2022,17/10/2022,dcourson1n@answers.com,39.523325,22.4074
317,30/03/2022,30/03/2022,sedmands2n@loc.gov,38.82109,22.588122
318,05/07/2022,05/07/2022,esoame2r@theglobeandmail.com,36.135136,21.136778
319,25/10/2022,27/10/2022,gstledger29@themeforest.net,38.551598,22.066818
320,23/03/2022,26/03/2022,vvorleyh@constantcontact.com,36.134797,21.209075
321,07/03/2022,08/03/2022,sfiltness2o@xrea.com,37.38102,21.639669
322,28/11/2022,30/11/2022,kvannini25@gov.uk,39.248553,22.021288
323,12/07/2022,13/07/2022,fnitti22@foxnews.com,38.815164,21.902334
324,25/10/2022,28/10/2022,vclemoesl@mozilla.org,39.537578,22.113392
325,03/10/2022,07/10/2022,charbor1l@kickstarter.com,39.264855,22.594296
326,17/05/2022,19/05/2022,ecroptona@blogger.com,36.316855,21.420545
327,13/12/2022,16/12/2022,amcmakin2c@mtv.com,36.413642,22.214117
328,22/11/2022,29/11/2022,cbreakey3@dedecms.com,39.537578,22.802954
329,16/12/2022,22/12/2022,cminot11@4shared.com,39.917906,22.594296
330,22/06/2022,23/06/2022,kpoltone2@salon.com,39.362558,22.189849
331,10/10/2022,16/10/2022,cbreakey3@dedecms.com,36.822306,22.372545
332,03/06/2022,10/06/2022,khousiauxd@amazon.de,39.62454,21.744172
333,04/05/2022,11/05/2022,bboddy26@fema.gov,36.822306,21.555351
334,28/09/2022,05/10/2022,kvannini25@gov.uk,38.987,21.744172
335,22/06/2022,23/06/2022,smaiory@house.gov,37.958652,22.57105
336,16/03/2022,22/03/2022,bbeaufoy1d@gravatar.com,38.2019,22.670532
337,21/09/2022,22/09/2022,aroast1u@webmd.com,38.262807,21.428285
338,19/10/2022,22/10/2022,bseadon1k@google.nl,38.682971,22.778594
339,27/04/2022,01/05/2022,jmeldonk@soup.io,37.942487,22.038279
340,11/03/2022,14/03/2022,gspare18@seattletimes.com,37.988127,21.152171
341,19/08/2022,25/08/2022,lbuttress6@infoseek.co.jp,37.793219,22.115035
342,07/11/2022,13/11/2022,avinag@shinystat.com,36.655448,22.508819
343,15/12/2022,16/12/2022,bvardie2b@thetimes.co.uk,38.007562,22.759316
344,20/11/2022,21/11/2022,hemmanuelez@cdc.gov,37.066891,21.225408
345,05/05/2022,11/05/2022,cskoate2a@nyu.edu,37.496027,21.200989
346,05/03/2022,09/03/2022,cgetchb@people.com.cn,36.776168,22.908386
347,03/08/2022,08/08/2022,ecumberland7@state.gov,39.532177,22.201528
348,14/06/2022,16/06/2022,smaiory@house.gov,36.02151,22.166377
349,04/04/2022,05/04/2022,vclemoesl@mozilla.org,39.159734,22.480999
350,03/11/2022,06/11/2022,qsorensen1v@sfgate.com,38.681253,22.717787
351,14/03/2022,19/03/2022,ntraite2g@123-reg.co.uk,36.190598,22.826654
352,08/09/2022,09/09/2022,qsorensen1v@sfgate.com,39.243902,22.952309
353,28/07/2022,02/08/2022,cbreakey3@dedecms.com,39.62454,21.819605
354,04/06/2022,08/06/2022,ebagshawe0@alexa.com,39.362558,21.555351
355,30/04/2022,03/05/2022,sfiltness2o@xrea.com,38.987,22.372545
356,10/10/2022,11/10/2022,jhuckstepp1t@eventbrite.com,37.887318,22.57105
357,05/03/2022,12/03/2022,dgrisenthwaite2k@jiathis.com,39.877714,22.785831
358,03/12/2022,04/12/2022,dheale13@php.net,36.822306,21.358061
359,05/05/2022,05/05/2022,aandreutti1p@mayoclinic.com,37.958652,21.744172
360,22/10/2022,29/10/2022,dmckmurrie1e@yolasite.com,37.278692,22.670532
361,29/11/2022,04/12/2022,cgosnold2f@ebay.com,39.087018,21.092014
362,29/08/2022,31/08/2022,jhuckstepp1t@eventbrite.com,37.183855,22.459516
363,23/06/2022,23/06/2022,ablacksell1g@blogspot.com,37.40737,21.434547
364,02/11/2022,08/11/2022,jrustidge4@salon.com,39.559869,22.022397
365,17/05/2022,17/05/2022,hemmanuelez@cdc.gov,39.42864,21.073529
366,01/08/2022,06/08/2022,kcarenn@geocities.com,36.878025,21.391072
367,04/10/2022,06/10/2022,edivillm@netlog.com,38.084575,22.721308
368,19/11/2022,20/11/2022,jrustidge4@salon.com,39.778374,22.01898
369,23/04/2022,26/04/2022,blillie1r@google.com.br,38.153323,22.116495
370,14/11/2022,16/11/2022,wdolphin2l@sbwire.com,36.182171,22.51488
371,06/08/2022,09/08/2022,kcarenn@geocities.com,38.614483,21.035169
372,20/04/2022,21/04/2022,qsorensen1v@sfgate.com,39.917906,22.711832
373,10/07/2022,12/07/2022,selsy1o@ucla.edu,38.263947,22.189849
374,03/09/2022,05/09/2022,rashfoldc@marriott.com,39.523325,22.4074
375,10/06/2022,16/06/2022,ecroptona@blogger.com,38.82109,22.588122
376,21/05/2022,24/05/2022,bbeaufoy1d@gravatar.com,36.135136,21.136778
377,22/08/2022,26/08/2022,ghullandx@dailymail.co.uk,38.551598,22.066818
378,08/05/2022,14/05/2022,bseadon1k@google.nl,36.134797,21.209075
379,21/07/2022,27/07/2022,tchaimson2i@tripod.com,37.38102,21.639669
380,11/06/2022,14/06/2022,egyles1m@odnoklassniki.ru,39.248553,22.021288
381,31/03/2022,06/04/2022,khousiauxd@amazon.de,38.815164,21.902334
382,14/11/2022,17/11/2022,vgrimbaldestonv@reddit.com,39.537578,22.113392
383,25/03/2022,01/04/2022,esoame2r@theglobeandmail.com,39.264855,22.594296
384,14/03/2022,21/03/2022,vgrimbaldestonv@reddit.com,36.316855,21.420545
385,15/11/2022,19/11/2022,dcourson1n@answers.com,36.413642,22.214117
386,07/09/2022,08/09/2022,lthurling14@chicagotribune.com,36.190598,22.802954
387,23/08/2022,26/08/2022,selsy1o@ucla.edu,39.243902,22.952309
388,26/09/2022,29/09/2022,ghullandx@dailymail.co.uk,39.537578,21.819605
389,07/04/2022,10/04/2022,scroadf@weebly.com,37.183855,22.594296
390,16/12/2022,16/12/2022,dcourson1n@answers.com,38.262807,21.434547
391,10/08/2022,17/08/2022,kfurzerj@ustream.tv,38.2019,22.778594
392,24/09/2022,27/09/2022,tmouan1i@wisc.edu,38.262807,21.428285
393,24/12/2022,31/12/2022,fnitti22@foxnews.com,38.682971,22.038279
394,19/03/2022,20/03/2022,charbor1l@kickstarter.com,37.942487,21.152171
395,04/05/2022,10/05/2022,cskoate2a@nyu.edu,37.988127,22.115035
396,16/11/2022,17/11/2022,aduckwiths@accuweather.com,37.793219,22.508819
397,17/07/2022,18/07/2022,ablacksell1g@blogspot.com,36.655448,22.759316
398,13/07/2022,18/07/2022,jrustidge4@salon.com,38.007562,21.225408
399,30/12/2022,31/12/2023,ecroptona@blogger.com,37.066891,21.200989
400,03/09/2022,04/09/2022,mhyndp@theatlantic.com,37.496027,22.908386
401,20/08/2022,23/08/2022,cgetchb@people.com.cn,36.776168,22.201528
402,17/10/2022,17/10/2022,dgrisenthwaite2k@jiathis.com,39.532177,22.166377
403,08/09/2022,13/09/2022,rfawlo1h@zdnet.com,36.02151,22.480999
404,25/04/2022,30/04/2022,ntraite2g@123-reg.co.uk,39.159734,22.717787
405,12/04/2022,19/04/2022,cwastie24@yale.edu,38.681253,22.826654
406,12/04/2022,19/04/2022,fsharpin1c@dropbox.com,36.190598,22.952309
407,28/03/2022,01/04/2022,areagan16@gravatar.com,39.243902,21.819605
408,05/06/2022,05/06/2022,avolke2m@amazon.com,39.62454,21.555351
409,12/08/2022,13/08/2022,adelaharpe1f@mapquest.com,39.362558,22.372545
410,03/12/2022,09/12/2022,cwastie24@yale.edu,38.987,22.57105
411,14/11/2022,16/11/2022,fnitti22@foxnews.com,37.887318,22.785831
412,30/06/2022,04/07/2022,mhyndp@theatlantic.com,39.877714,21.358061
413,17/08/2022,19/08/2022,aroast1u@webmd.com,36.822306,21.744172
414,12/04/2022,17/04/2022,bboddy26@fema.gov,37.958652,22.670532
415,12/11/2022,19/11/2022,nwycliff20@free.fr,37.278692,21.092014
416,23/07/2022,28/07/2022,kvannini25@gov.uk,39.087018,22.459516
417,09/06/2022,16/06/2022,aroast1u@webmd.com,37.183855,21.434547
418,17/03/2022,21/03/2022,kpoltone2@salon.com,37.40737,22.022397
419,30/08/2022,04/09/2022,ntraite2g@123-reg.co.uk,39.559869,21.073529
420,08/11/2022,10/11/2022,rgelland1x@wiley.com,39.42864,21.391072
421,10/04/2022,14/04/2022,ogeelanr@cbslocal.com,36.878025,22.721308
422,05/08/2022,07/08/2022,ablacksell1g@blogspot.com,38.084575,22.01898
423,05/12/2022,07/12/2022,ckibble2h@amazonaws.com,39.778374,22.116495
424,31/07/2022,04/08/2022,smaiory@house.gov,38.153323,22.51488
425,24/11/2022,24/11/2022,lthurling14@chicagotribune.com,36.182171,21.035169
426,28/06/2022,29/06/2022,rfawlo1h@zdnet.com,38.614483,22.711832
427,10/06/2022,14/06/2022,tmouan1i@wisc.edu,39.917906,22.189849
428,26/12/2022,31/12/2023,hdalinder1w@merriam-webster.com,38.263947,22.4074
429,23/10/2022,28/10/2022,vclemoesl@mozilla.org,39.523325,22.588122
430,26/10/2022,29/10/2022,kfurzerj@ustream.tv,38.82109,21.136778
431,17/05/2022,21/05/2022,nwycliff20@free.fr,36.135136,22.066818
432,11/06/2022,14/06/2022,ysimak9@msn.com,38.551598,21.209075
433,09/11/2022,10/11/2022,tchaimson2i@tripod.com,36.134797,21.639669
434,27/03/2022,31/03/2022,cwastie24@yale.edu,37.38102,22.021288
435,14/11/2022,14/11/2022,avinag@shinystat.com,39.248553,21.902334
436,20/09/2022,21/09/2022,soagt@odnoklassniki.ru,38.815164,22.113392
437,09/07/2022,12/07/2022,mhyndp@theatlantic.com,39.537578,22.594296
438,08/04/2022,08/04/2022,edivillm@netlog.com,39.264855,21.420545
439,09/05/2022,12/05/2022,abolzmann19@people.com.cn,36.316855,22.214117
440,05/07/2022,12/07/2022,charbor1l@kickstarter.com,36.413642,22.802954
441,04/10/2022,09/10/2022,esoame2r@theglobeandmail.com,38.987,22.57105
442,24/04/2022,28/04/2022,soagt@odnoklassniki.ru,39.917906,22.189849
443,30/04/2022,05/05/2022,kagius1a@cisco.com,37.183855,21.434547
444,24/08/2022,25/08/2022,kpoltone2@salon.com,37.278692,21.092014
445,13/05/2022,13/05/2022,wgoing2e@google.cn,37.988127,22.115035
446,15/10/2022,16/10/2022,gstledger29@themeforest.net,36.878025,22.721308
447,10/05/2022,14/05/2022,dwaneo@github.com,36.182171,21.035169
448,01/09/2022,07/09/2022,ckibble2h@amazonaws.com,38.262807,22.778594
449,20/10/2022,24/10/2022,fsharpin1c@dropbox.com,38.2019,21.428285
450,27/08/2022,29/08/2022,dcourson1n@answers.com,38.262807,22.778594
451,25/03/2022,25/03/2022,kvannini25@gov.uk,38.682971,22.038279
452,14/10/2022,16/10/2022,bboddy26@fema.gov,37.942487,21.152171
453,22/07/2022,29/07/2022,ghackneyq@google.es,37.988127,22.115035
454,31/03/2022,03/04/2022,selsy1o@ucla.edu,37.793219,22.508819
455,29/03/2022,03/04/2022,areagan16@gravatar.com,36.655448,22.759316
456,17/03/2022,23/03/2022,dheale13@php.net,38.007562,21.225408
457,06/11/2022,10/11/2022,adelaharpe1f@mapquest.com,37.066891,21.200989
458,12/06/2022,13/06/2022,blillie1r@google.com.br,37.496027,22.908386
459,29/04/2022,02/05/2022,bboddy26@fema.gov,36.776168,22.201528
460,02/04/2022,03/04/2022,kcarenn@geocities.com,39.532177,22.166377
461,03/06/2022,06/06/2022,gspare18@seattletimes.com,36.02151,22.480999
462,14/08/2022,14/08/2022,bseadon1k@google.nl,39.159734,22.717787
463,23/07/2022,26/07/2022,ablacksell1g@blogspot.com,38.681253,22.826654
464,22/08/2022,26/08/2022,fnitti22@foxnews.com,36.190598,22.952309
465,10/09/2022,12/09/2022,cbreakey3@dedecms.com,39.243902,21.819605
466,07/08/2022,14/08/2022,ntraite2g@123-reg.co.uk,39.62454,21.555351
467,05/05/2022,05/05/2022,mepilet12@etsy.com,39.362558,22.372545
468,15/05/2022,22/05/2022,cbreakey3@dedecms.com,38.987,22.57105
469,18/03/2022,23/03/2022,hdalinder1w@merriam-webster.com,37.887318,22.785831
470,10/03/2022,16/03/2022,cfilippello23@netscape.com,39.877714,21.358061
471,27/07/2022,27/07/2022,hmerigon17@home.pl,36.822306,21.744172
472,10/05/2022,10/05/2022,bseadon1k@google.nl,37.958652,22.670532
473,26/04/2022,29/04/2022,mboissier2q@icio.us,37.278692,21.092014
474,24/06/2022,25/06/2022,jhuckstepp1t@eventbrite.com,39.087018,22.459516
475,27/10/2022,03/11/2022,edivillm@netlog.com,37.183855,21.434547
476,15/08/2022,22/08/2022,vclemoesl@mozilla.org,37.40737,22.022397
477,02/05/2022,03/05/2022,rashfoldc@marriott.com,39.559869,21.073529
478,26/04/2022,01/05/2022,tmaudling1y@umn.edu,39.42864,21.391072
479,18/04/2022,24/04/2022,jrustidge4@salon.com,36.878025,22.721308
480,20/11/2022,22/11/2022,vvorleyh@constantcontact.com,38.084575,22.01898
481,15/03/2022,20/03/2022,qsorensen1v@sfgate.com,39.778374,22.116495
482,15/09/2022,18/09/2022,scinavas2d@mediafire.com,38.153323,22.51488
483,25/09/2022,25/09/2022,tmaudling1y@umn.edu,36.182171,21.035169
484,14/08/2022,18/08/2022,jhuckstepp1t@eventbrite.com,38.614483,22.711832
485,25/04/2022,28/04/2022,fnitti22@foxnews.com,39.917906,22.189849
486,23/04/2022,23/04/2022,tmaudling1y@umn.edu,38.263947,22.4074
487,01/08/2022,04/08/2022,selsy1o@ucla.edu,39.523325,22.588122
488,25/03/2022,25/03/2022,dwaneo@github.com,38.82109,21.136778
489,05/06/2022,12/06/2022,dcourson1n@answers.com,36.135136,22.066818
490,23/08/2022,25/08/2022,blillie1r@google.com.br,38.551598,21.209075
491,21/08/2022,28/08/2022,jrustidge4@salon.com,36.134797,21.639669
492,16/06/2022,21/06/2022,rashfoldc@marriott.com,37.38102,22.021288
493,19/12/2022,22/12/2022,ghullandx@dailymail.co.uk,39.248553,21.902334
494,11/05/2022,18/05/2022,tmouan1i@wisc.edu,38.815164,22.113392
495,31/03/2022,01/04/2022,cfilippello23@netscape.com,39.537578,22.594296
496,03/08/2022,03/08/2022,tmouan1i@wisc.edu,39.264855,21.420545
497,28/09/2022,30/09/2022,ntraite2g@123-reg.co.uk,36.316855,22.214117
498,25/09/2022,30/09/2022,jjollie10@shinystat.com,36.413642,22.802954
499,07/03/2022,11/03/2022,bbeaufoy1d@gravatar.com,36.02151,22.480999
500,19/11/2022,25/11/2022,ntraite2g@123-reg.co.uk,38.551598,21.209075
501,22/06/2022,27/06/2022,dheale13@php.net,37.183855,21.434547
502,03/06/2022,04/06/2022,nislip1j@sogou.com,36.02151,22.480999
503,12/03/2022,16/03/2022,aroast1u@webmd.com,36.02151,22.480999
504,16/04/2022,18/04/2022,aduckwiths@accuweather.com,36.822306,21.744172
505,10/11/2022,14/11/2022,avinag@shinystat.com,38.2019,21.428285
506,01/06/2022,08/06/2022,wgoing2e@google.cn,38.262807,22.778594
507,01/04/2022,04/04/2022,hdalinder1w@merriam-webster.com,38.682971,22.038279
508,23/11/2022,28/11/2022,khousiauxd@amazon.de,37.942487,21.152171
509,11/08/2022,16/08/2022,lgorriessene@cisco.com,37.988127,22.115035
510,22/12/2022,24/12/2022,sedmands2n@loc.gov,37.793219,22.508819
511,24/07/2022,24/07/2022,mhyndp@theatlantic.com,36.655448,22.759316
512,30/05/2022,31/05/2022,scroadf@weebly.com,38.007562,21.225408
513,14/10/2022,16/10/2022,abolzmann19@people.com.cn,37.066891,21.200989
514,25/03/2022,30/03/2022,pmaclareni@slate.com,37.496027,22.908386
515,16/12/2022,23/12/2022,bsheasby21@intel.com,36.776168,22.201528
516,08/07/2022,11/07/2022,charbor1l@kickstarter.com,39.532177,22.166377
517,09/11/2022,10/11/2022,sdiegan28@netlog.com,36.02151,22.480999
518,12/11/2022,15/11/2022,mboissier2q@icio.us,39.159734,22.717787
519,15/08/2022,21/08/2022,blillie1r@google.com.br,38.681253,22.826654
520,06/08/2022,06/08/2022,rfawlo1h@zdnet.com,36.190598,22.952309
521,12/11/2022,15/11/2022,rfawlo1h@zdnet.com,39.243902,21.819605
522,14/11/2022,15/11/2022,fsharpin1c@dropbox.com,39.62454,21.555351
523,19/10/2022,19/10/2022,bbeaufoy1d@gravatar.com,39.362558,22.372545
524,05/07/2022,06/07/2022,ldefontu@thetimes.co.uk,38.987,22.57105
525,24/06/2022,28/06/2022,bsheasby21@intel.com,37.887318,22.785831
526,18/11/2022,21/11/2022,bvardie2b@thetimes.co.uk,39.877714,21.358061
527,11/10/2022,16/10/2022,rgelland1x@wiley.com,36.822306,21.744172
528,16/09/2022,18/09/2022,mepilet12@etsy.com,37.958652,22.670532
529,21/12/2022,28/12/2022,gcomello1@example.com,37.278692,21.092014
530,22/11/2022,27/11/2022,rgelland1x@wiley.com,39.087018,22.459516
531,24/08/2022,24/08/2022,lgorriessene@cisco.com,37.183855,21.434547
532,25/06/2022,27/06/2022,ysimak9@msn.com,37.40737,22.022397
533,20/03/2022,25/03/2022,pmaclareni@slate.com,39.559869,21.073529
534,01/08/2022,02/08/2022,fsharpin1c@dropbox.com,39.42864,21.391072
535,14/04/2022,19/04/2022,kvannini25@gov.uk,36.878025,22.721308
536,24/12/2022,27/12/2022,aandreutti1p@mayoclinic.com,38.084575,22.01898
537,18/06/2022,21/06/2022,bbeaufoy1d@gravatar.com,39.778374,22.116495
538,12/10/2022,12/10/2022,hemmanuelez@cdc.gov,38.153323,22.51488
539,10/08/2022,11/08/2022,rashfoldc@marriott.com,36.182171,21.035169
540,09/09/2022,10/09/2022,cgosnold2f@ebay.com,38.614483,22.711832
541,06/11/2022,11/11/2022,cwastie24@yale.edu,39.917906,22.189849
542,31/05/2022,07/06/2022,dgrisenthwaite2k@jiathis.com,38.263947,22.4074
543,16/08/2022,21/08/2022,blillie1r@google.com.br,39.523325,22.588122
544,04/10/2022,06/10/2022,dwaneo@github.com,38.82109,21.136778
545,26/08/2022,28/08/2022,ghullandx@dailymail.co.uk,36.135136,22.066818
546,15/08/2022,18/08/2022,charbor1l@kickstarter.com,38.551598,21.209075
547,11/04/2022,13/04/2022,hdalinder1w@merriam-webster.com,36.134797,21.639669
548,03/06/2022,04/06/2022,ehadwick15@bbb.org,37.38102,22.021288
549,12/10/2022,14/10/2022,dgrisenthwaite2k@jiathis.com,39.248553,21.902334
550,09/09/2022,12/09/2022,dgrisenthwaite2k@jiathis.com,38.815164,22.113392
551,19/05/2022,25/05/2022,bsheasby21@intel.com,39.537578,22.594296
552,19/07/2022,19/07/2022,gfolkerd1q@europa.eu,39.264855,21.420545
553,22/08/2022,24/08/2022,fnitti22@foxnews.com,36.316855,22.214117
554,14/08/2022,17/08/2022,ckibble2h@amazonaws.com,36.413642,22.802954
555,05/06/2022,10/06/2022,khousiauxd@amazon.de,37.958652,22.670532
556,19/04/2022,22/04/2022,cwastie24@yale.edu,38.262807,22.778594
557,01/04/2022,03/04/2022,lbuttress6@infoseek.co.jp,39.532177,22.166377
558,20/03/2022,26/03/2022,abolzmann19@people.com.cn,39.362558,22.372545
559,18/12/2022,24/12/2022,scinavas2d@mediafire.com,39.532177,22.166377
560,30/09/2022,07/10/2022,fnitti22@foxnews.com,38.987,22.57105
561,20/08/2022,26/08/2022,soagt@odnoklassniki.ru,38.2019,21.428285
562,01/07/2022,04/07/2022,mklos1z@plala.or.jp,38.262807,22.778594
563,26/07/2022,28/07/2022,smaiory@house.gov,38.682971,22.038279
564,20/09/2022,25/09/2022,bboddy26@fema.gov,37.942487,21.152171
565,02/04/2022,06/04/2022,rgelland1x@wiley.com,37.988127,22.115035
566,28/12/2022,31/12/2023,aroast1u@webmd.com,37.793219,22.508819
567,11/04/2022,15/04/2022,jmeldonk@soup.io,36.655448,22.759316
568,10/10/2022,13/10/2022,khousiauxd@amazon.de,38.007562,21.225408
569,18/03/2022,24/03/2022,vgrimbaldestonv@reddit.com,37.066891,21.200989
570,05/05/2022,06/05/2022,ebagshawe0@alexa.com,37.496027,22.908386
571,28/04/2022,01/05/2022,sbleyman2j@moonfruit.com,36.776168,22.201528
572,21/06/2022,21/06/2022,edivillm@netlog.com,39.532177,22.166377
573,13/08/2022,17/08/2022,sedmands2n@loc.gov,36.02151,22.480999
574,24/11/2022,30/11/2022,kfurzerj@ustream.tv,39.159734,22.717787
575,09/03/2022,16/03/2022,cgetchb@people.com.cn,38.681253,22.826654
576,03/06/2022,05/06/2022,adelaharpe1f@mapquest.com,36.190598,22.952309
577,21/11/2022,23/11/2022,selsy1o@ucla.edu,39.243902,21.819605
578,30/09/2022,07/10/2022,cskoate2a@nyu.edu,39.62454,21.555351
579,09/07/2022,11/07/2022,dcourson1n@answers.com,39.362558,22.372545
580,02/06/2022,04/06/2022,wdolphin2l@sbwire.com,38.987,22.57105
581,18/05/2022,25/05/2022,ymartew@globo.com,37.887318,22.785831
582,18/03/2022,21/03/2022,akaspar8@woothemes.com,39.877714,21.358061
583,03/04/2022,03/04/2022,bseadon1k@google.nl,36.822306,21.744172
584,16/07/2022,18/07/2022,ckibble2h@amazonaws.com,37.958652,22.670532
585,15/09/2022,18/09/2022,aduckwiths@accuweather.com,37.278692,21.092014
586,09/09/2022,10/09/2022,ebagshawe0@alexa.com,39.087018,22.459516
587,10/07/2022,12/07/2022,selsy1o@ucla.edu,37.183855,21.434547
588,11/03/2022,11/03/2022,dheale13@php.net,37.40737,22.022397
589,06/11/2022,11/11/2022,vvorleyh@constantcontact.com,39.559869,21.073529
590,25/05/2022,29/05/2022,lthurling14@chicagotribune.com,39.42864,21.391072
591,12/04/2022,12/04/2022,sfiltness2o@xrea.com,36.878025,22.721308
592,14/09/2022,14/09/2022,wdolphin2l@sbwire.com,38.084575,22.01898
593,28/09/2022,04/10/2022,bbeaufoy1d@gravatar.com,39.778374,22.116495
594,30/06/2022,03/07/2022,kfurzerj@ustream.tv,38.153323,22.51488
595,15/05/2022,20/05/2022,jrustidge4@salon.com,36.182171,21.035169
596,19/05/2022,22/05/2022,dheale13@php.net,38.614483,22.711832
597,20/10/2022,25/10/2022,areagan16@gravatar.com,39.917906,22.189849
598,01/11/2022,04/11/2022,ntraite2g@123-reg.co.uk,38.263947,22.4074
599,10/06/2022,17/06/2022,bvardie2b@thetimes.co.uk,39.523325,22.588122
600,30/09/2022,03/10/2022,selsy1o@ucla.edu,38.82109,21.136778
601,18/09/2022,22/09/2022,akaspar8@woothemes.com,36.135136,22.066818
602,10/11/2022,14/11/2022,aroast1u@webmd.com,38.551598,21.209075
603,07/11/2022,14/11/2022,sfiltness2o@xrea.com,36.134797,21.639669
604,20/04/2022,26/04/2022,sbleyman2j@moonfruit.com,37.38102,22.021288
605,29/03/2022,29/03/2022,cgetchb@people.com.cn,39.248553,21.902334
606,06/08/2022,13/08/2022,vgrimbaldestonv@reddit.com,38.815164,22.113392
607,05/05/2022,12/05/2022,mepilet12@etsy.com,39.537578,22.594296
608,19/03/2022,19/03/2022,kvannini25@gov.uk,39.264855,21.420545
609,02/07/2022,05/07/2022,scinavas2d@mediafire.com,36.316855,22.214117
610,17/05/2022,21/05/2022,kpoltone2@salon.com,36.413642,22.802954
611,22/09/2022,25/09/2022,abolzmann19@people.com.cn,36.822306,21.744172
612,09/07/2022,16/07/2022,vclemoesl@mozilla.org,39.532177,22.166377
613,04/09/2022,04/09/2022,ecroptona@blogger.com,38.614483,22.711832
614,21/05/2022,28/05/2022,rfawlo1h@zdnet.com,38.262807,22.778594
615,11/07/2022,17/07/2022,jmeldonk@soup.io,37.40737,22.022397
616,20/10/2022,26/10/2022,bbeaufoy1d@gravatar.com,37.40737,22.022397
617,29/07/2022,03/08/2022,abolzmann19@people.com.cn,39.243902,21.819605
618,28/06/2022,29/06/2022,hdalinder1w@merriam-webster.com,36.02151,22.480999
619,28/06/2022,28/06/2022,bseadon1k@google.nl,36.822306,21.744172
620,01/01/2022,01/01/2022,mklos1z@plala.or.jp,38.2019,21.428285
621,01/01/2022,01/01/2022,gstledger29@themeforest.net,38.262807,22.778594
622,01/01/2022,01/01/2022,jmeldonk@soup.io,38.682971,22.038279
623,01/01/2022,01/01/2022,dwaneo@github.com,37.942487,21.152171
624,01/01/2022,01/01/2022,gfolkerd1q@europa.eu,37.988127,22.115035
625,01/01/2022,01/01/2022,ecumberland7@state.gov,37.793219,22.508819
626,01/01/2022,01/01/2022,tmouan1i@wisc.edu,36.655448,22.759316
627,01/01/2022,01/01/2022,smaiory@house.gov,38.007562,21.225408
628,01/01/2022,01/01/2022,ntraite2g@123-reg.co.uk,37.066891,21.200989
629,01/01/2022,01/01/2022,ebagshawe0@alexa.com,37.496027,22.908386
630,01/01/2022,01/01/2022,lthurling14@chicagotribune.com,36.776168,22.201528
631,01/01/2022,01/01/2022,ogeelanr@cbslocal.com,39.532177,22.166377
632,01/01/2022,01/01/2022,ckibble2h@amazonaws.com,36.02151,22.480999
633,01/01/2022,01/01/2022,vgrimbaldestonv@reddit.com,39.159734,22.717787
634,01/01/2022,01/01/2022,nwycliff20@free.fr,38.681253,22.826654
635,01/01/2022,01/01/2022,ogeelanr@cbslocal.com,36.190598,22.952309
636,01/01/2022,01/01/2022,ysimak9@msn.com,39.243902,21.819605
637,01/01/2022,01/01/2022,cwastie24@yale.edu,39.62454,21.555351
638,01/01/2022,01/01/2022,qsorensen1v@sfgate.com,39.362558,22.372545
639,01/01/2022,01/01/2022,wgoing2e@google.cn,38.987,22.57105
640,01/01/2022,01/01/2022,bsheasby21@intel.com,37.887318,22.785831
641,01/01/2022,01/01/2022,nwhitewood1s@mozilla.com,39.877714,21.358061
642,01/01/2022,01/01/2022,esoame2r@theglobeandmail.com,36.822306,21.744172
643,01/01/2022,01/01/2022,akaspar8@woothemes.com,37.958652,22.670532
644,01/01/2022,01/01/2022,ecroptona@blogger.com,37.278692,21.092014
645,01/01/2022,01/01/2022,gstledger29@themeforest.net,39.087018,22.459516
646,01/01/2022,01/01/2022,gfolkerd1q@europa.eu,37.183855,21.434547
647,01/01/2022,01/01/2022,ecroptona@blogger.com,37.40737,22.022397
648,01/01/2022,01/01/2022,ablacksell1g@blogspot.com,39.559869,21.073529
649,01/01/2022,01/01/2022,avinag@shinystat.com,39.42864,21.391072
650,01/01/2022,01/01/2022,mhyndp@theatlantic.com,36.878025,22.721308
651,01/01/2022,01/01/2022,qsorensen1v@sfgate.com,38.084575,22.01898
652,01/01/2022,01/01/2022,akaspar8@woothemes.com,39.778374,22.116495
653,01/01/2022,01/01/2022,nislip1j@sogou.com,38.153323,22.51488
654,01/01/2022,01/01/2022,hmerigon17@home.pl,36.182171,21.035169
655,01/01/2022,01/01/2022,charbor1l@kickstarter.com,38.614483,22.711832
656,01/01/2022,01/01/2022,charbor1l@kickstarter.com,39.917906,22.189849
657,01/01/2022,01/01/2022,bedes27@usnews.com,38.263947,22.4074
658,01/01/2022,01/01/2022,ecroptona@blogger.com,39.523325,22.588122
659,01/01/2022,01/01/2022,gstledger29@themeforest.net,38.82109,21.136778
660,01/01/2022,01/01/2022,abolzmann19@people.com.cn,36.135136,22.066818
661,01/01/2022,01/01/2022,areagan16@gravatar.com,38.551598,21.209075
662,01/01/2022,01/01/2022,cgetchb@people.com.cn,36.134797,21.639669
663,01/01/2022,01/01/2022,khousiauxd@amazon.de,37.38102,22.021288
664,01/01/2022,01/01/2022,avolke2m@amazon.com,39.248553,21.902334
665,01/01/2022,01/01/2022,mepilet12@etsy.com,38.815164,22.113392
666,01/01/2022,01/01/2022,kpoltone2@salon.com,39.537578,22.594296
667,01/01/2022,01/01/2022,wdolphin2l@sbwire.com,39.264855,21.420545
668,01/01/2022,01/01/2022,gcomello1@example.com,36.316855,22.214117
669,01/01/2022,01/01/2022,jjollie10@shinystat.com,36.413642,22.802954
670,01/01/2022,01/01/2022,qsorensen1v@sfgate.com,39.537578,22.594296
671,01/01/2022,01/01/2022,ogeelanr@cbslocal.com,39.917906,22.189849
672,01/01/2022,01/01/2022,pmaclareni@slate.com,39.362558,22.372545
673,01/01/2022,01/01/2022,cskoate2a@nyu.edu,36.822306,21.744172
674,01/01/2022,01/01/2022,rgelland1x@wiley.com,39.62454,21.555351
675,01/01/2022,01/01/2022,abolzmann19@people.com.cn,36.822306,21.744172
676,01/01/2022,01/01/2022,avinag@shinystat.com,38.987,22.57105
677,01/01/2022,01/01/2022,scinavas2d@mediafire.com,37.958652,22.670532
678,01/01/2022,01/01/2022,bbeaufoy1d@gravatar.com,38.2019,21.428285
679,01/01/2022,01/01/2022,ckibble2h@amazonaws.com,38.262807,22.778594
680,01/01/2022,01/01/2022,ysimak9@msn.com,38.682971,22.038279
681,01/01/2022,01/01/2022,cwastie24@yale.edu,37.942487,21.152171
682,01/01/2022,01/01/2022,lgorriessene@cisco.com,37.988127,22.115035
683,01/01/2022,01/01/2022,nbenyan2p@rambler.ru,37.793219,22.508819
684,01/01/2022,01/01/2022,hmerigon17@home.pl,36.655448,22.759316
685,01/01/2022,01/01/2022,khousiauxd@amazon.de,38.007562,21.225408
686,01/01/2022,01/01/2022,ntraite2g@123-reg.co.uk,37.066891,21.200989
687,01/01/2022,01/01/2022,ntraite2g@123-reg.co.uk,37.496027,22.908386
688,01/01/2022,01/01/2022,soagt@odnoklassniki.ru,36.776168,22.201528
689,01/01/2022,01/01/2022,kfurzerj@ustream.tv,39.532177,22.166377
690,01/01/2022,01/01/2022,vvorleyh@constantcontact.com,36.02151,22.480999
691,01/01/2022,01/01/2022,mklos1z@plala.or.jp,39.159734,22.717787
692,01/01/2022,01/01/2022,gcomello1@example.com,38.681253,22.826654
693,01/01/2022,01/01/2022,ablacksell1g@blogspot.com,36.190598,22.952309
694,01/01/2022,01/01/2022,aduckwiths@accuweather.com,39.243902,21.819605
695,01/01/2022,01/01/2022,nwhitewood1s@mozilla.com,39.62454,21.555351
696,01/01/2022,01/01/2022,nbenyan2p@rambler.ru,39.362558,22.372545
697,01/01/2022,01/01/2022,akaspar8@woothemes.com,38.987,22.57105
698,01/01/2022,01/01/2022,dmckmurrie1e@yolasite.com,37.887318,22.785831
699,01/01/2022,01/01/2022,selsy1o@ucla.edu,39.877714,21.358061
700,01/01/2022,01/01/2022,pmaclareni@slate.com,36.822306,21.744172
701,01/01/2022,01/01/2022,khousiauxd@amazon.de,37.958652,22.670532
702,01/01/2022,01/01/2022,gstledger29@themeforest.net,37.278692,21.092014
703,01/01/2022,01/01/2022,ckibble2h@amazonaws.com,39.087018,22.459516
704,01/01/2022,01/01/2022,selsy1o@ucla.edu,37.183855,21.434547
705,01/01/2022,01/01/2022,egyles1m@odnoklassniki.ru,37.40737,22.022397
706,01/01/2022,01/01/2022,kpoltone2@salon.com,39.559869,21.073529
707,01/01/2022,01/01/2022,dcourson1n@answers.com,39.42864,21.391072
708,01/01/2022,01/01/2022,ablacksell1g@blogspot.com,36.878025,22.721308
709,01/01/2022,01/01/2022,abolzmann19@people.com.cn,38.084575,22.01898
710,01/01/2022,01/01/2022,cbreakey3@dedecms.com,39.778374,22.116495
711,01/01/2022,01/01/2022,dcourson1n@answers.com,38.153323,22.51488
712,01/01/2022,01/01/2022,lbuttress6@infoseek.co.jp,36.182171,21.035169
713,01/01/2022,01/01/2022,bboddy26@fema.gov,38.614483,22.711832
714,01/01/2022,01/01/2022,cskoate2a@nyu.edu,39.917906,22.189849
715,01/01/2022,01/01/2022,gcomello1@example.com,38.263947,22.4074
716,01/01/2022,01/01/2022,cbreakey3@dedecms.com,39.523325,22.588122
717,01/01/2022,01/01/2022,kcarenn@geocities.com,38.82109,21.136778
718,01/01/2022,01/01/2022,hemmanuelez@cdc.gov,36.135136,22.066818
719,01/01/2022,01/01/2022,ntraite2g@123-reg.co.uk,38.551598,21.209075
720,01/01/2022,01/01/2022,nwycliff20@free.fr,36.134797,21.639669
721,01/01/2022,01/01/2022,dwaneo@github.com,37.38102,22.021288
722,01/01/2022,01/01/2022,bedes27@usnews.com,39.248553,21.902334
723,01/01/2022,01/01/2022,cwastie24@yale.edu,38.815164,22.113392
724,01/01/2022,01/01/2022,cgosnold2f@ebay.com,39.537578,22.594296
725,01/01/2022,01/01/2022,areagan16@gravatar.com,39.264855,21.420545
726,01/01/2022,01/01/2022,mklos1z@plala.or.jp,36.316855,22.214117
727,01/01/2022,01/01/2022,mboissier2q@icio.us,36.413642,22.802954
728,01/01/2022,01/01/2022,kagius1a@cisco.com,36.190598,22.952309
729,01/01/2022,01/01/2022,sedmands2n@loc.gov,39.243902,21.819605
730,01/01/2022,01/01/2022,rfawlo1h@zdnet.com,39.537578,22.594296
731,01/01/2022,01/01/2022,mepilet12@etsy.com,37.183855,21.434547
732,01/01/2022,01/01/2022,gspare18@seattletimes.com,38.262807,22.778594
733,01/01/2022,01/01/2022,nwhitewood1s@mozilla.com,38.2019,21.428285
734,01/01/2022,01/01/2022,kagius1a@cisco.com,38.262807,22.778594
735,01/01/2022,01/01/2022,vvorleyh@constantcontact.com,38.682971,22.038279
736,01/01/2022,01/01/2022,ghackneyq@google.es,37.942487,21.152171
737,01/01/2022,01/01/2022,sdiegan28@netlog.com,37.988127,22.115035
738,01/01/2022,01/01/2022,kagius1a@cisco.com,37.793219,22.508819
739,01/01/2022,01/01/2022,amcmakin2c@mtv.com,36.655448,22.759316
740,01/01/2022,01/01/2022,vgrimbaldestonv@reddit.com,38.007562,21.225408
741,01/01/2022,01/01/2022,selsy1o@ucla.edu,37.066891,21.200989
742,01/01/2022,01/01/2022,avolke2m@amazon.com,37.496027,22.908386
743,01/01/2022,01/01/2022,scinavas2d@mediafire.com,36.776168,22.201528
744,01/01/2022,01/01/2022,qsorensen1v@sfgate.com,39.532177,22.166377
745,01/01/2022,01/01/2022,kfurzerj@ustream.tv,36.02151,22.480999
746,01/01/2022,01/01/2022,hmerigon17@home.pl,39.159734,22.717787
747,01/01/2022,01/01/2022,cbreakey3@dedecms.com,38.681253,22.826654
748,01/01/2022,01/01/2022,dgrisenthwaite2k@jiathis.com,36.190598,22.952309
749,01/01/2022,01/01/2022,vclemoesl@mozilla.org,39.243902,21.819605
750,01/01/2022,01/01/2022,kfurzerj@ustream.tv,39.62454,21.555351
751,01/01/2022,01/01/2022,fsharpin1c@dropbox.com,39.362558,22.372545
752,01/01/2022,01/01/2022,mepilet12@etsy.com,38.987,22.57105
753,01/01/2022,01/01/2022,dgrisenthwaite2k@jiathis.com,37.887318,22.785831
754,01/01/2022,01/01/2022,soagt@odnoklassniki.ru,39.877714,21.358061
755,01/01/2022,01/01/2022,dwaneo@github.com,36.822306,21.744172
756,01/01/2022,01/01/2022,jrustidge4@salon.com,37.958652,22.670532
757,01/01/2022,01/01/2022,vgrimbaldestonv@reddit.com,37.278692,21.092014
758,01/01/2022,01/01/2022,hmerigon17@home.pl,39.087018,22.459516
759,01/01/2022,01/01/2022,kcarenn@geocities.com,37.183855,21.434547
760,01/01/2022,01/01/2022,sfiltness2o@xrea.com,37.40737,22.022397
761,01/01/2022,01/01/2022,ecumberland7@state.gov,39.559869,21.073529
762,01/01/2022,01/01/2022,ysimak9@msn.com,39.42864,21.391072
763,01/01/2022,01/01/2022,bsheasby21@intel.com,36.878025,22.721308
764,01/01/2022,01/01/2022,tmouan1i@wisc.edu,38.084575,22.01898
765,01/01/2022,01/01/2022,mhyndp@theatlantic.com,39.778374,22.116495
766,01/01/2022,01/01/2022,rfawlo1h@zdnet.com,38.153323,22.51488
767,01/01/2022,01/01/2022,ntraite2g@123-reg.co.uk,36.182171,21.035169
768,01/01/2022,01/01/2022,aandreutti1p@mayoclinic.com,38.614483,22.711832
769,01/01/2022,01/01/2022,ckibble2h@amazonaws.com,39.917906,22.189849
770,01/01/2022,01/01/2022,avolke2m@amazon.com,38.263947,22.4074
771,01/01/2022,01/01/2022,amcmakin2c@mtv.com,39.523325,22.588122
772,01/01/2022,01/01/2022,scinavas2d@mediafire.com,38.82109,21.136778
773,01/01/2022,01/01/2022,ldefontu@thetimes.co.uk,36.135136,22.066818
774,01/01/2022,01/01/2022,egyles1m@odnoklassniki.ru,38.551598,21.209075
775,01/01/2022,01/01/2022,hmerigon17@home.pl,36.134797,21.639669
776,01/01/2022,01/01/2022,vgrimbaldestonv@reddit.com,37.38102,22.021288
777,01/01/2022,01/01/2022,ghullandx@dailymail.co.uk,39.248553,21.902334
778,01/01/2022,01/01/2022,ldefontu@thetimes.co.uk,38.815164,22.113392
779,01/01/2022,01/01/2022,bbeaufoy1d@gravatar.com,39.537578,22.594296
780,01/01/2022,01/01/2022,ghackneyq@google.es,39.264855,21.420545
781,01/01/2022,01/01/2022,mboissier2q@icio.us,36.316855,22.214117
782,01/01/2022,01/01/2022,cminot11@4shared.com,36.413642,22.802954
783,01/01/2022,01/01/2022,gspare18@seattletimes.com,38.987,22.57105
784,01/01/2022,01/01/2022,abolzmann19@people.com.cn,39.917906,22.189849
785,01/01/2022,01/01/2022,qsorensen1v@sfgate.com,37.183855,21.434547
786,01/01/2022,01/01/2022,adelaharpe1f@mapquest.com,37.278692,21.092014
787,01/01/2022,01/01/2022,aduckwiths@accuweather.com,37.988127,22.115035
788,01/01/2022,01/01/2022,wdolphin2l@sbwire.com,36.878025,22.721308
789,01/01/2022,01/01/2022,blillie1r@google.com.br,36.182171,21.035169
790,01/01/2022,01/01/2022,wgoing2e@google.cn,38.262807,22.778594
791,01/01/2022,01/01/2022,ebagshawe0@alexa.com,38.2019,21.428285
792,01/01/2022,01/01/2022,sfiltness2o@xrea.com,38.262807,22.778594
793,01/01/2022,01/01/2022,akaspar8@woothemes.com,38.682971,22.038279
794,01/01/2022,01/01/2022,cbreakey3@dedecms.com,37.942487,21.152171
795,01/01/2022,01/01/2022,sdiegan28@netlog.com,37.988127,22.115035
796,01/01/2022,01/01/2022,soagt@odnoklassniki.ru,37.793219,22.508819
797,01/01/2022,01/01/2022,gcomello1@example.com,36.655448,22.759316
798,01/01/2022,01/01/2022,kpoltone2@salon.com,38.007562,21.225408
799,01/01/2022,01/01/2022,ehadwick15@bbb.org,37.066891,21.200989
800,01/01/2022,01/01/2022,ntraite2g@123-reg.co.uk,37.496027,22.908386
801,01/01/2022,01/01/2022,gcomello1@example.com,36.776168,22.201528
802,01/01/2022,01/01/2022,ecumberland7@state.gov,39.532177,22.166377
803,01/01/2022,01/01/2022,vgrimbaldestonv@reddit.com,36.02151,22.480999
804,01/01/2022,01/01/2022,ymartew@globo.com,39.159734,22.717787
805,01/01/2022,01/01/2022,jrustidge4@salon.com,38.681253,22.826654
806,01/01/2022,01/01/2022,jhuckstepp1t@eventbrite.com,36.190598,22.952309
807,01/01/2022,01/01/2022,smaiory@house.gov,39.243902,21.819605
808,01/01/2022,01/01/2022,nbenyan2p@rambler.ru,39.62454,21.555351
809,01/01/2022,01/01/2022,lthurling14@chicagotribune.com,39.362558,22.372545
810,01/01/2022,01/01/2022,esoame2r@theglobeandmail.com,38.987,22.57105
811,01/01/2022,01/01/2022,gstledger29@themeforest.net,37.887318,22.785831
812,01/01/2022,01/01/2022,wgoing2e@google.cn,39.877714,21.358061
813,01/01/2022,01/01/2022,bsheasby21@intel.com,36.822306,21.744172
814,01/01/2022,01/01/2022,bbeaufoy1d@gravatar.com,37.958652,22.670532
815,01/01/2022,01/01/2022,blillie1r@google.com.br,37.278692,21.092014
816,01/01/2022,01/01/2022,tchaimson2i@tripod.com,39.087018,22.459516
817,01/01/2022,01/01/2022,ysimak9@msn.com,37.183855,21.434547
818,01/01/2022,01/01/2022,cbreakey3@dedecms.com,37.40737,22.022397
819,01/01/2022,01/01/2022,tchaimson2i@tripod.com,39.559869,21.073529
820,01/01/2022,01/01/2022,mhyndp@theatlantic.com,39.42864,21.391072
821,01/01/2022,01/01/2022,dmckmurrie1e@yolasite.com,36.878025,22.721308
822,01/01/2022,01/01/2022,rashfoldc@marriott.com,38.084575,22.01898
823,01/01/2022,01/01/2022,gfolkerd1q@europa.eu,39.778374,22.116495
824,01/01/2022,01/01/2022,areagan16@gravatar.com,38.153323,22.51488
825,01/01/2022,01/01/2022,avinag@shinystat.com,36.182171,21.035169
826,01/01/2022,01/01/2022,cskoate2a@nyu.edu,38.614483,22.711832
827,01/01/2022,01/01/2022,fsharpin1c@dropbox.com,39.917906,22.189849
828,01/01/2022,01/01/2022,dwaneo@github.com,38.263947,22.4074
829,01/01/2022,01/01/2022,jrustidge4@salon.com,39.523325,22.588122
830,01/01/2022,01/01/2022,lthurling14@chicagotribune.com,38.82109,21.136778
831,01/01/2022,01/01/2022,vvorleyh@constantcontact.com,36.135136,22.066818
832,01/01/2022,01/01/2022,nwhitewood1s@mozilla.com,38.551598,21.209075
833,01/01/2022,01/01/2022,qsorensen1v@sfgate.com,36.134797,21.639669
834,01/01/2022,01/01/2022,ebagshawe0@alexa.com,37.38102,22.021288
835,01/01/2022,01/01/2022,cwastie24@yale.edu,39.248553,21.902334
836,01/01/2022,01/01/2022,lthurling14@chicagotribune.com,38.815164,22.113392
837,01/01/2022,01/01/2022,gstledger29@themeforest.net,39.537578,22.594296
838,01/01/2022,01/01/2022,vlemar1b@dot.gov,39.264855,21.420545
839,01/01/2022,01/01/2022,kvannini25@gov.uk,36.316855,22.214117
840,01/01/2022,01/01/2022,pmaclareni@slate.com,36.413642,22.802954
841,01/01/2022,01/01/2022,mklos1z@plala.or.jp,36.02151,22.480999
842,01/01/2022,01/01/2022,rashfoldc@marriott.com,38.551598,21.209075
843,01/01/2022,01/01/2022,ecumberland7@state.gov,37.183855,21.434547
844,01/01/2022,01/01/2022,ckibble2h@amazonaws.com,36.02151,22.480999
845,01/01/2022,01/01/2022,gstledger29@themeforest.net,36.02151,22.480999
846,01/01/2022,01/01/2022,gspare18@seattletimes.com,36.822306,21.744172
847,01/01/2022,01/01/2022,smaiory@house.gov,38.2019,21.428285
848,01/01/2022,01/01/2022,ecumberland7@state.gov,38.262807,22.778594
849,01/01/2022,01/01/2022,sedmands2n@loc.gov,38.682971,22.038279
850,01/01/2022,01/01/2022,bvardie2b@thetimes.co.uk,37.942487,21.152171
851,01/01/2022,01/01/2022,ogeelanr@cbslocal.com,37.988127,22.115035
852,01/01/2022,01/01/2022,vlemar1b@dot.gov,37.793219,22.508819
853,01/01/2022,01/01/2022,nislip1j@sogou.com,36.655448,22.759316
854,01/01/2022,01/01/2022,cgetchb@people.com.cn,38.007562,21.225408
855,01/01/2022,01/01/2022,dwaneo@github.com,37.066891,21.200989
856,01/01/2022,01/01/2022,smaiory@house.gov,37.496027,22.908386
857,01/01/2022,01/01/2022,ablacksell1g@blogspot.com,36.776168,22.201528
858,01/01/2022,01/01/2022,avinag@shinystat.com,39.532177,22.166377
859,01/01/2022,01/01/2022,lgorriessene@cisco.com,36.02151,22.480999
860,01/01/2022,01/01/2022,wgoing2e@google.cn,39.159734,22.717787
861,01/01/2022,01/01/2022,mboissier2q@icio.us,38.681253,22.826654
862,01/01/2022,01/01/2022,kvannini25@gov.uk,36.190598,22.952309
863,01/01/2022,01/01/2022,nwycliff20@free.fr,39.243902,21.819605
864,01/01/2022,01/01/2022,sbleyman2j@moonfruit.com,39.62454,21.555351
865,01/01/2022,01/01/2022,dcourson1n@answers.com,39.362558,22.372545
866,01/01/2022,01/01/2022,aandreutti1p@mayoclinic.com,38.987,22.57105
867,01/01/2022,01/01/2022,nbenyan2p@rambler.ru,37.887318,22.785831
868,01/01/2022,01/01/2022,dwaneo@github.com,39.877714,21.358061
869,01/01/2022,01/01/2022,lbuttress6@infoseek.co.jp,36.822306,21.744172
870,01/01/2022,01/01/2022,sedmands2n@loc.gov,37.958652,22.670532
871,01/01/2022,01/01/2022,ablacksell1g@blogspot.com,37.278692,21.092014
872,01/01/2022,01/01/2022,kcarenn@geocities.com,39.087018,22.459516
873,01/01/2022,01/01/2022,bboddy26@fema.gov,37.183855,21.434547
874,01/01/2022,01/01/2022,gstledger29@themeforest.net,37.40737,22.022397
875,01/01/2022,01/01/2022,jmeldonk@soup.io,39.559869,21.073529
876,01/01/2022,01/01/2022,ghackneyq@google.es,39.42864,21.391072
877,01/01/2022,01/01/2022,areagan16@gravatar.com,36.878025,22.721308
878,01/01/2022,01/01/2022,ymartew@globo.com,38.084575,22.01898
879,01/01/2022,01/01/2022,jjollie10@shinystat.com,39.778374,22.116495
880,01/01/2022,01/01/2022,ecroptona@blogger.com,38.153323,22.51488
881,01/01/2022,01/01/2022,cskoate2a@nyu.edu,36.182171,21.035169
882,01/01/2022,01/01/2022,rjurczak5@biblegateway.com,38.614483,22.711832
883,01/01/2022,01/01/2022,aduckwiths@accuweather.com,39.917906,22.189849
884,01/01/2022,01/01/2022,jrustidge4@salon.com,38.263947,22.4074
885,01/01/2022,01/01/2022,wdolphin2l@sbwire.com,39.523325,22.588122
886,01/01/2022,01/01/2022,sbleyman2j@moonfruit.com,38.82109,21.136778
887,01/01/2022,01/01/2022,scroadf@weebly.com,36.135136,22.066818
888,01/01/2022,01/01/2022,nbenyan2p@rambler.ru,38.551598,21.209075
889,01/01/2022,01/01/2022,ckibble2h@amazonaws.com,36.134797,21.639669
890,01/01/2022,01/01/2022,cgetchb@people.com.cn,37.38102,22.021288
891,01/01/2022,01/01/2022,ghackneyq@google.es,39.248553,21.902334
892,01/01/2022,01/01/2022,rfawlo1h@zdnet.com,38.815164,22.113392
893,01/01/2022,01/01/2022,wdolphin2l@sbwire.com,39.537578,22.594296
894,01/01/2022,01/01/2022,selsy1o@ucla.edu,39.264855,21.420545
895,01/01/2022,01/01/2022,bseadon1k@google.nl,36.316855,22.214117
896,01/01/2022,01/01/2022,aroast1u@webmd.com,36.413642,22.802954
897,01/01/2022,01/01/2022,wdolphin2l@sbwire.com,37.958652,22.670532
898,01/01/2022,01/01/2022,vclemoesl@mozilla.org,38.262807,22.778594
899,01/01/2022,01/01/2022,bvardie2b@thetimes.co.uk,39.532177,22.166377
900,01/01/2022,01/01/2022,cfilippello23@netscape.com,39.362558,22.372545
901,01/01/2022,01/01/2022,egyles1m@odnoklassniki.ru,39.532177,22.166377
902,01/01/2022,01/01/2022,fsharpin1c@dropbox.com,38.987,22.57105
903,01/01/2022,01/01/2022,rfawlo1h@zdnet.com,38.2019,21.428285
904,01/01/2022,01/01/2022,nwhitewood1s@mozilla.com,38.262807,22.778594
905,01/01/2022,01/01/2022,aroast1u@webmd.com,38.682971,22.038279
906,01/01/2022,01/01/2022,amcmakin2c@mtv.com,37.942487,21.152171
907,01/01/2022,01/01/2022,cbreakey3@dedecms.com,37.988127,22.115035
908,01/01/2022,01/01/2022,ablacksell1g@blogspot.com,37.793219,22.508819
909,01/01/2022,01/01/2022,bseadon1k@google.nl,36.655448,22.759316
910,01/01/2022,01/01/2022,tmaudling1y@umn.edu,38.007562,21.225408
911,01/01/2022,01/01/2022,ecumberland7@state.gov,37.066891,21.200989
912,01/01/2022,01/01/2022,aroast1u@webmd.com,37.496027,22.908386
913,01/01/2022,01/01/2022,cgosnold2f@ebay.com,36.776168,22.201528
914,01/01/2022,01/01/2022,rfawlo1h@zdnet.com,39.532177,22.166377
915,01/01/2022,01/01/2022,ablacksell1g@blogspot.com,36.02151,22.480999
916,01/01/2022,01/01/2022,adelaharpe1f@mapquest.com,39.159734,22.717787
917,01/01/2022,01/01/2022,cskoate2a@nyu.edu,38.681253,22.826654
918,01/01/2022,01/01/2022,dwaneo@github.com,36.190598,22.952309
919,01/01/2022,01/01/2022,bbeaufoy1d@gravatar.com,39.243902,21.819605
920,01/01/2022,01/01/2022,bvardie2b@thetimes.co.uk,39.62454,21.555351
921,01/01/2022,01/01/2022,edivillm@netlog.com,39.362558,22.372545
922,01/01/2022,01/01/2022,wgoing2e@google.cn,38.987,22.57105
923,01/01/2022,01/01/2022,sbleyman2j@moonfruit.com,37.887318,22.785831
924,01/01/2022,01/01/2022,nbenyan2p@rambler.ru,39.877714,21.358061
925,01/01/2022,01/01/2022,kpoltone2@salon.com,36.822306,21.744172
926,01/01/2022,01/01/2022,fnitti22@foxnews.com,37.958652,22.670532
927,01/01/2022,01/01/2022,areagan16@gravatar.com,37.278692,21.092014
928,01/01/2022,01/01/2022,rashfoldc@marriott.com,39.087018,22.459516
929,01/01/2022,01/01/2022,ldefontu@thetimes.co.uk,37.183855,21.434547
930,01/01/2022,01/01/2022,mklos1z@plala.or.jp,37.40737,22.022397
931,01/01/2022,01/01/2022,bedes27@usnews.com,39.559869,21.073529
932,01/01/2022,01/01/2022,bboddy26@fema.gov,39.42864,21.391072
933,01/01/2022,01/01/2022,bedes27@usnews.com,36.878025,22.721308
934,01/01/2022,01/01/2022,fnitti22@foxnews.com,38.084575,22.01898
935,01/01/2022,01/01/2022,bbeaufoy1d@gravatar.com,39.778374,22.116495
936,01/01/2022,01/01/2022,dmckmurrie1e@yolasite.com,38.153323,22.51488
937,01/01/2022,01/01/2022,khousiauxd@amazon.de,36.182171,21.035169
938,01/01/2022,01/01/2022,abolzmann19@people.com.cn,38.614483,22.711832
939,01/01/2022,01/01/2022,pmaclareni@slate.com,39.917906,22.189849
940,01/01/2022,01/01/2022,ogeelanr@cbslocal.com,38.263947,22.4074
941,01/01/2022,01/01/2022,mepilet12@etsy.com,39.523325,22.588122
942,01/01/2022,01/01/2022,vgrimbaldestonv@reddit.com,38.82109,21.136778
943,01/01/2022,01/01/2022,amcmakin2c@mtv.com,36.135136,22.066818
944,01/01/2022,01/01/2022,akaspar8@woothemes.com,38.551598,21.209075
945,01/01/2022,01/01/2022,lgorriessene@cisco.com,36.134797,21.639669
946,01/01/2022,01/01/2022,ebagshawe0@alexa.com,37.38102,22.021288
947,01/01/2022,01/01/2022,ehadwick15@bbb.org,39.248553,21.902334
948,01/01/2022,01/01/2022,cminot11@4shared.com,38.815164,22.113392
949,01/01/2022,01/01/2022,bseadon1k@google.nl,39.537578,22.594296
950,01/01/2022,01/01/2022,jmeldonk@soup.io,39.264855,21.420545
951,01/01/2022,01/01/2022,kpoltone2@salon.com,36.316855,22.214117
952,01/01/2022,01/01/2022,nislip1j@sogou.com,36.413642,22.802954
953,01/01/2022,01/01/2022,nwhitewood1s@mozilla.com,36.822306,21.744172
954,01/01/2022,01/01/2022,sbleyman2j@moonfruit.com,39.532177,22.166377
955,01/01/2022,01/01/2022,rfawlo1h@zdnet.com,38.614483,22.711832
956,01/01/2022,01/01/2022,nislip1j@sogou.com,38.262807,22.778594
957,01/01/2022,01/01/2022,charbor1l@kickstarter.com,37.40737,22.022397
958,01/01/2022,01/01/2022,cbreakey3@dedecms.com,37.40737,22.022397
959,01/01/2022,01/01/2022,kcarenn@geocities.com,39.243902,21.819605
960,01/01/2022,01/01/2022,egyles1m@odnoklassniki.ru,36.02151,22.480999
961,01/01/2022,01/01/2022,cbreakey3@dedecms.com,36.822306,21.744172
962,01/01/2022,01/01/2022,cwastie24@yale.edu,38.2019,21.428285
963,01/01/2022,01/01/2022,khousiauxd@amazon.de,38.262807,22.778594
964,01/01/2022,01/01/2022,jmeldonk@soup.io,38.682971,22.038279
965,01/01/2022,01/01/2022,sdiegan28@netlog.com,37.942487,21.152171
966,01/01/2022,01/01/2022,cminot11@4shared.com,37.988127,22.115035
967,01/01/2022,01/01/2022,dgrisenthwaite2k@jiathis.com,37.793219,22.508819
968,01/01/2022,01/01/2022,kpoltone2@salon.com,36.655448,22.759316
969,01/01/2022,01/01/2022,gstledger29@themeforest.net,38.007562,21.225408
970,01/01/2022,01/01/2022,jmeldonk@soup.io,37.066891,21.200989
971,01/01/2022,01/01/2022,kcarenn@geocities.com,37.496027,22.908386
972,01/01/2022,01/01/2022,gspare18@seattletimes.com,36.776168,22.201528
973,01/01/2022,01/01/2022,jmeldonk@soup.io,39.532177,22.166377
974,01/01/2022,01/01/2022,rgelland1x@wiley.com,36.02151,22.480999
975,01/01/2022,01/01/2022,ogeelanr@cbslocal.com,39.159734,22.717787
976,01/01/2022,01/01/2022,vclemoesl@mozilla.org,38.681253,22.826654
977,01/01/2022,01/01/2022,jjollie10@shinystat.com,36.190598,22.952309
978,01/01/2022,01/01/2022,hmerigon17@home.pl,39.243902,21.819605
979,01/01/2022,01/01/2022,hemmanuelez@cdc.gov,39.62454,21.555351
980,01/01/2022,01/01/2022,kpoltone2@salon.com,39.362558,22.372545
981,01/01/2022,01/01/2022,cgetchb@people.com.cn,38.987,22.57105
982,01/01/2022,01/01/2022,bvardie2b@thetimes.co.uk,37.887318,22.785831
983,01/01/2022,01/01/2022,dheale13@php.net,39.877714,21.358061
984,01/01/2022,01/01/2022,cfilippello23@netscape.com,36.822306,21.744172
985,01/01/2022,01/01/2022,edivillm@netlog.com,37.958652,22.670532
986,01/01/2022,01/01/2022,bsheasby21@intel.com,37.278692,21.092014
987,01/01/2022,01/01/2022,wgoing2e@google.cn,39.087018,22.459516
988,01/01/2022,01/01/2022,jjollie10@shinystat.com,37.183855,21.434547
989,01/01/2022,01/01/2022,ckibble2h@amazonaws.com,37.40737,22.022397
990,01/01/2022,01/01/2022,khousiauxd@amazon.de,39.559869,21.073529
991,01/01/2022,01/01/2022,bboddy26@fema.gov,39.42864,21.391072
992,01/01/2022,01/01/2022,wdolphin2l@sbwire.com,36.878025,22.721308
993,01/01/2022,01/01/2022,ysimak9@msn.com,38.084575,22.01898
994,01/01/2022,01/01/2022,nbenyan2p@rambler.ru,39.778374,22.116495
995,01/01/2022,01/01/2022,sdiegan28@netlog.com,38.153323,22.51488
996,01/01/2022,01/01/2022,bedes27@usnews.com,36.182171,21.035169
997,01/01/2022,01/01/2022,ogeelanr@cbslocal.com,38.614483,22.711832
998,01/01/2022,01/01/2022,blillie1r@google.com.br,39.917906,22.189849
999,01/01/2022,01/01/2022,nislip1j@sogou.com,38.263947,22.4074
1000,01/01/2022,01/01/2022,cwastie24@yale.edu,39.523325,22.588122
1001,01/01/2022,01/01/2022,vvorleyh@constantcontact.com,38.82109,21.136778
1002,01/01/2022,01/01/2022,dgrisenthwaite2k@jiathis.com,36.135136,22.066818
1003,01/01/2022,01/01/2022,adelaharpe1f@mapquest.com,38.551598,21.209075
1004,01/01/2022,01/01/2022,sdiegan28@netlog.com,36.134797,21.639669
1005,01/01/2022,01/01/2022,soagt@odnoklassniki.ru,37.38102,22.021288
1006,01/01/2022,01/01/2022,scinavas2d@mediafire.com,39.248553,21.902334
1007,01/01/2022,01/01/2022,wdolphin2l@sbwire.com,38.815164,22.113392
1008,01/01/2022,01/01/2022,ntraite2g@123-reg.co.uk,39.537578,22.594296
1009,01/01/2022,01/01/2022,fsharpin1c@dropbox.com,39.264855,21.420545
1010,01/01/2022,01/01/2022,jmeldonk@soup.io,36.316855,22.214117
1011,01/01/2022,01/01/2022,ysimak9@msn.com,36.413642,22.802954
1012,01/01/2022,01/01/2022,ablacksell1g@blogspot.com,39.537578,22.594296
1013,01/01/2022,01/01/2022,nislip1j@sogou.com,39.917906,22.189849
1014,01/01/2022,01/01/2022,sfiltness2o@xrea.com,39.362558,22.372545
1015,01/01/2022,01/01/2022,vvorleyh@constantcontact.com,36.822306,21.744172
1016,01/01/2022,01/01/2022,lgorriessene@cisco.com,39.62454,21.555351
1017,01/01/2022,01/01/2022,gfolkerd1q@europa.eu,36.822306,21.744172
1018,01/01/2022,01/01/2022,jmeldonk@soup.io,38.987,22.57105
1019,01/01/2022,01/01/2022,dheale13@php.net,37.958652,22.670532
1020,01/01/2022,01/01/2022,wgoing2e@google.cn,38.2019,21.428285
1021,01/01/2022,01/01/2022,cskoate2a@nyu.edu,38.262807,22.778594
1022,01/01/2022,01/01/2022,scroadf@weebly.com,38.682971,22.038279
1023,01/01/2022,01/01/2022,kcarenn@geocities.com,37.942487,21.152171
1024,01/01/2022,01/01/2022,ogeelanr@cbslocal.com,37.988127,22.115035
1025,01/01/2022,01/01/2022,rjurczak5@biblegateway.com,37.793219,22.508819
1026,01/01/2022,01/01/2022,ablacksell1g@blogspot.com,36.655448,22.759316
1027,01/01/2022,01/01/2022,adelaharpe1f@mapquest.com,38.007562,21.225408
1028,01/01/2022,01/01/2022,hmerigon17@home.pl,37.066891,21.200989
1029,01/01/2022,01/01/2022,mhyndp@theatlantic.com,37.496027,22.908386
1030,01/01/2022,01/01/2022,amcmakin2c@mtv.com,36.776168,22.201528
1031,01/01/2022,01/01/2022,vlemar1b@dot.gov,39.532177,22.166377
1032,01/01/2022,01/01/2022,sbleyman2j@moonfruit.com,36.02151,22.480999
1033,01/01/2022,01/01/2022,vgrimbaldestonv@reddit.com,39.159734,22.717787
1034,01/01/2022,01/01/2022,qsorensen1v@sfgate.com,38.681253,22.826654
1035,01/01/2022,01/01/2022,ckibble2h@amazonaws.com,36.190598,22.952309
1036,01/01/2022,01/01/2022,aandreutti1p@mayoclinic.com,39.243902,21.819605
1037,01/01/2022,01/01/2022,mhyndp@theatlantic.com,39.62454,21.555351
1038,01/01/2022,01/01/2022,nwycliff20@free.fr,39.362558,22.372545
1039,01/01/2022,01/01/2022,jmeldonk@soup.io,38.987,22.57105
1040,01/01/2022,01/01/2022,ecumberland7@state.gov,37.887318,22.785831
1041,01/01/2022,01/01/2022,jmeldonk@soup.io,39.877714,21.358061
1042,01/01/2022,01/01/2022,smaiory@house.gov,36.822306,21.744172
1043,01/01/2022,01/01/2022,sdiegan28@netlog.com,37.958652,22.670532
1044,01/01/2022,01/01/2022,ogeelanr@cbslocal.com,37.278692,21.092014
1045,01/01/2022,01/01/2022,aandreutti1p@mayoclinic.com,39.087018,22.459516
1046,01/01/2022,01/01/2022,ysimak9@msn.com,37.183855,21.434547
1047,01/01/2022,01/01/2022,cgetchb@people.com.cn,37.40737,22.022397
1048,01/01/2022,01/01/2022,soagt@odnoklassniki.ru,39.559869,21.073529
1049,01/01/2022,01/01/2022,dwaneo@github.com,39.42864,21.391072
1050,01/01/2022,01/01/2022,kagius1a@cisco.com,36.878025,22.721308
1051,01/01/2022,01/01/2022,dmckmurrie1e@yolasite.com,38.084575,22.01898
1052,01/01/2022,01/01/2022,scroadf@weebly.com,39.778374,22.116495
1053,01/01/2022,01/01/2022,ehadwick15@bbb.org,38.153323,22.51488
1054,01/01/2022,01/01/2022,areagan16@gravatar.com,36.182171,21.035169
1055,01/01/2022,01/01/2022,ehadwick15@bbb.org,38.614483,22.711832
1056,01/01/2022,01/01/2022,mhyndp@theatlantic.com,39.917906,22.189849
1057,01/01/2022,01/01/2022,ghullandx@dailymail.co.uk,38.263947,22.4074
1058,01/01/2022,01/01/2022,kagius1a@cisco.com,39.523325,22.588122
1059,01/01/2022,01/01/2022,akaspar8@woothemes.com,38.82109,21.136778
1060,01/01/2022,01/01/2022,ysimak9@msn.com,36.135136,22.066818
1061,01/01/2022,01/01/2022,mboissier2q@icio.us,38.551598,21.209075
1062,01/01/2022,01/01/2022,gcomello1@example.com,36.134797,21.639669
1063,01/01/2022,01/01/2022,jjollie10@shinystat.com,37.38102,22.021288
1064,01/01/2022,01/01/2022,dmckmurrie1e@yolasite.com,39.248553,21.902334
1065,01/01/2022,01/01/2022,rfawlo1h@zdnet.com,38.815164,22.113392
1066,01/01/2022,01/01/2022,abolzmann19@people.com.cn,39.537578,22.594296
1067,01/01/2022,01/01/2022,wdolphin2l@sbwire.com,39.264855,21.420545
1068,01/01/2022,01/01/2022,kfurzerj@ustream.tv,36.316855,22.214117
1069,01/01/2022,01/01/2022,cwastie24@yale.edu,36.413642,22.802954
1070,01/01/2022,01/01/2022,dgrisenthwaite2k@jiathis.com,36.190598,22.952309
1071,01/01/2022,01/01/2022,ecroptona@blogger.com,39.243902,21.819605
1072,01/01/2022,01/01/2022,ecumberland7@state.gov,39.537578,22.594296
1073,01/01/2022,01/01/2022,kcarenn@geocities.com,37.183855,21.434547
1074,01/01/2022,01/01/2022,scinavas2d@mediafire.com,38.262807,22.778594
1075,01/01/2022,01/01/2022,jjollie10@shinystat.com,38.2019,21.428285
1076,01/01/2022,01/01/2022,hmerigon17@home.pl,38.262807,22.778594
1077,01/01/2022,01/01/2022,kpoltone2@salon.com,38.682971,22.038279
1078,01/01/2022,01/01/2022,sdiegan28@netlog.com,37.942487,21.152171
1079,01/01/2022,01/01/2022,gfolkerd1q@europa.eu,37.988127,22.115035
1080,01/01/2022,01/01/2022,avolke2m@amazon.com,37.793219,22.508819
1081,01/01/2022,01/01/2022,lbuttress6@infoseek.co.jp,36.655448,22.759316
1082,01/01/2022,01/01/2022,wdolphin2l@sbwire.com,38.007562,21.225408
1083,01/01/2022,01/01/2022,ghullandx@dailymail.co.uk,37.066891,21.200989
1084,01/01/2022,01/01/2022,ldefontu@thetimes.co.uk,37.496027,22.908386
1085,01/01/2022,01/01/2022,nislip1j@sogou.com,36.776168,22.201528
1086,01/01/2022,01/01/2022,ghullandx@dailymail.co.uk,39.532177,22.166377
1087,01/01/2022,01/01/2022,cminot11@4shared.com,36.02151,22.480999
1088,01/01/2022,01/01/2022,nwycliff20@free.fr,39.159734,22.717787
1089,01/01/2022,01/01/2022,lbuttress6@infoseek.co.jp,38.681253,22.826654
1090,01/01/2022,01/01/2022,ymartew@globo.com,36.190598,22.952309
1091,01/01/2022,01/01/2022,kvannini25@gov.uk,39.243902,21.819605
1092,01/01/2022,01/01/2022,cminot11@4shared.com,39.62454,21.555351
1093,01/01/2022,01/01/2022,lbuttress6@infoseek.co.jp,39.362558,22.372545
1094,01/01/2022,01/01/2022,kpoltone2@salon.com,38.987,22.57105
1095,01/01/2022,01/01/2022,smaiory@house.gov,37.887318,22.785831
1096,01/01/2022,01/01/2022,sfiltness2o@xrea.com,39.877714,21.358061
1097,01/01/2022,01/01/2022,cgetchb@people.com.cn,36.822306,21.744172
1098,01/01/2022,01/01/2022,sdiegan28@netlog.com,37.958652,22.670532
1099,01/01/2022,01/01/2022,aroast1u@webmd.com,37.278692,21.092014
1100,01/01/2022,01/01/2022,qsorensen1v@sfgate.com,39.087018,22.459516
1101,01/01/2022,01/01/2022,selsy1o@ucla.edu,37.183855,21.434547
1102,04/04/2022,05/04/2022,cminot11@4shared.com,36.02151,22.480999
1103,07/03/2022,09/03/2022,gcomello1@example.com,36.134797,21.639669
1104,15/06/2022,18/06/2022,sedmands2n@loc.gov,36.134797,21.639669
1105,22/05/2022,27/05/2022,bbeaufoy1d@gravatar.com,36.135136,22.066818
1106,21/04/2022,22/04/2022,mboissier2q@icio.us,36.135136,22.066818
1107,20/07/2022,27/07/2022,wgoing2e@google.cn,36.135136,22.066818
1108,19/09/2022,19/09/2022,adelaharpe1f@mapquest.com,36.182171,21.035169
1109,22/04/2022,27/04/2022,lthurling14@chicagotribune.com,36.182171,21.035169
1110,21/08/2022,22/08/2022,hmerigon17@home.pl,36.182171,21.035169
1111,20/10/2022,27/10/2022,ymartew@globo.com,36.182171,21.035169
1112,22/06/2022,29/06/2022,kagius1a@cisco.com,36.190598,22.952309
1113,21/03/2022,28/03/2022,dwaneo@github.com,36.316855,22.214117
1114,29/05/2022,03/06/2022,aroast1u@webmd.com,36.413642,22.802954
1115,19/07/2022,23/07/2022,bseadon1k@google.nl,36.655448,22.759316
1116,31/05/2022,01/06/2022,ablacksell1g@blogspot.com,36.776168,22.201528
1117,21/05/2022,28/05/2022,vvorleyh@constantcontact.com,36.822306,21.744172
1118,01/09/2022,08/09/2022,areagan16@gravatar.com,36.878025,22.721308
1119,11/12/2022,14/12/2022,ntraite2g@123-reg.co.uk,37.066891,21.200989
1120,11/12/2022,12/12/2022,ecumberland7@state.gov,37.183855,21.434547
1121,24/07/2022,25/07/2022,ldefontu@thetimes.co.uk,37.183855,21.434547
1122,02/04/2022,07/04/2022,bsheasby21@intel.com,37.278692,21.092014
1123,21/11/2022,27/11/2022,vgrimbaldestonv@reddit.com,37.38102,22.021288
1124,10/09/2022,14/09/2022,ebagshawe0@alexa.com,37.38102,22.021288
1125,07/09/2022,12/09/2022,charbor1l@kickstarter.com,37.40737,22.022397
1126,19/10/2022,20/10/2022,smaiory@house.gov,37.496027,22.908386
1127,13/09/2022,19/09/2022,ablacksell1g@blogspot.com,37.793219,22.508819
1128,13/06/2022,15/06/2022,nbenyan2p@rambler.ru,37.887318,22.785831
1129,22/09/2022,23/09/2022,amcmakin2c@mtv.com,37.942487,21.152171
1130,23/03/2022,23/03/2022,wdolphin2l@sbwire.com,37.958652,22.670532
1131,18/12/2022,20/12/2022,cbreakey3@dedecms.com,37.988127,22.115035
1132,11/10/2022,12/10/2022,gstledger29@themeforest.net,38.007562,21.225408
1133,24/08/2022,24/08/2022,ysimak9@msn.com,38.084575,22.01898
1134,12/10/2022,14/10/2022,ecroptona@blogger.com,38.153323,22.51488
1135,19/04/2022,23/04/2022,nwhitewood1s@mozilla.com,38.2019,21.428285
1136,03/03/2022,08/03/2022,cskoate2a@nyu.edu,38.262807,22.778594
1137,09/12/2022,11/12/2022,ogeelanr@cbslocal.com,38.263947,22.4074
1138,27/08/2022,01/09/2022,ntraite2g@123-reg.co.uk,38.263947,22.4074
1139,04/06/2022,10/06/2022,nwhitewood1s@mozilla.com,38.551598,21.209075
1140,17/12/2022,24/12/2022,abolzmann19@people.com.cn,38.614483,22.711832
1141,29/08/2022,31/08/2022,cskoate2a@nyu.edu,38.681253,22.826654
1142,18/03/2022,18/03/2022,sedmands2n@loc.gov,38.682971,22.038279
1143,08/07/2022,15/07/2022,mepilet12@etsy.com,38.815164,22.113392
1144,10/08/2022,13/08/2022,lthurling14@chicagotribune.com,38.82109,21.136778
1145,28/06/2022,28/06/2022,wgoing2e@google.cn,38.987,22.57105
1146,04/07/2022,06/07/2022,hmerigon17@home.pl,39.087018,22.459516
1147,02/07/2022,03/07/2022,vgrimbaldestonv@reddit.com,39.159734,22.717787
1148,07/11/2022,13/11/2022,kcarenn@geocities.com,39.243902,21.819605
1149,16/10/2022,17/10/2022,ghullandx@dailymail.co.uk,39.248553,21.902334
1150,30/03/2022,30/03/2022,wdolphin2l@sbwire.com,39.264855,21.420545
1151,05/07/2022,05/07/2022,cfilippello23@netscape.com,39.362558,22.372545
1152,25/10/2022,27/10/2022,avinag@shinystat.com,39.42864,21.391072
1153,23/03/2022,26/03/2022,rashfoldc@marriott.com,39.523325,22.588122
1154,07/03/2022,08/03/2022,vclemoesl@mozilla.org,39.532177,22.166377
1155,28/11/2022,30/11/2022,qsorensen1v@sfgate.com,39.537578,22.594296
1156,12/07/2022,13/07/2022,bedes27@usnews.com,39.559869,21.073529
1157,25/10/2022,28/10/2022,hemmanuelez@cdc.gov,39.62454,21.555351
1158,03/10/2022,07/10/2022,cbreakey3@dedecms.com,39.778374,22.116495
1159,17/05/2022,19/05/2022,soagt@odnoklassniki.ru,39.877714,21.358061
1160,13/12/2022,16/12/2022,abolzmann19@people.com.cn,39.917906,22.189849
